pdbid,int_type,residue,distance,angle,stack_type
pdb4blk,pi_cation,ARG,4.19,,
pdb4bvw,pi_cation,ARG,4.14,,
pdb3bt7,pi_cation,ARG,3.84,,
pdb6c4t,pi_cation,ARG,3.51,,
pdb3c3x,pi_cation,ARG,3.52,,
pdb5c7h,pi_cation,ARG,3.7,,
pdb5cc9,pi_cation,ARG,3.92,,
pdb3cc7,pi_cation,ARG,3.96,,
pdb3ccq,pi_cation,ARG,4.01,,
pdb3cma,pi_cation,ARG,4.28,,
pdb4ccq,pi_cation,ARG,3.91,,
pdb4ccq,pi_cation,ARG,3.9,,
pdb6clx,pi_cation,ARG,5.26,,
pdb4cvm,pi_cation,ARG,4.02,,
pdb1cf9,pi_cation,ARG,3.48,,
pdb6cyv,pi_cation,ARG,3.88,,
pdb2cvz,pi_cation,ARG,3.61,,
pdb4d4n,pi_cation,ARG,3.83,,
pdb5crj,pi_cation,ARG,4.02,,
pdb6czf,pi_cation,ARG,3.54,,
pdb5dea,pi_cation,ARG,3.58,,
pdb5dea,pi_cation,ARG,3.69,,
pdb5dea,pi_cation,ARG,4.0,,
pdb4db7,pi_cation,ARG,3.66,,
pdb4ddy,pi_cation,ARG,4.51,,
pdb5d5x,pi_cation,ARG,3.53,,
pdb6cul,pi_cation,ARG,4.43,,
pdb1dih,pi_cation,ARG,3.8,,
pdb1dih,pi_cation,ARG,4.08,,
pdb2cwf,pi_cation,ARG,3.84,,
pdb2cj9,pi_cation,ARG,4.29,,
pdb2cj9,pi_cation,ARG,3.96,,
pdb3dat,pi_cation,ARG,3.88,,
pdb6d3m,pi_cation,ARG,4.05,,
pdb6d3m,pi_cation,ARG,4.06,,
pdb5d47,pi_cation,ARG,5.81,,
pdb6cmn,pi_cation,ARG,3.58,,
pdb6cmn,pi_cation,ARG,3.74,,
pdb6cmn,pi_cation,ARG,3.83,,
pdb6cmn,pi_cation,ARG,3.93,,
pdb6cmn,pi_cation,ARG,3.9,,
pdb6cmn,pi_cation,ARG,3.67,,
pdb3dap,pi_cation,ARG,3.6,,
pdb3dap,pi_cation,ARG,4.01,,
pdb4dbu,pi_cation,ARG,5.43,,
pdb4dbw,pi_cation,ARG,5.45,,
pdb1dr1,pi_cation,ARG,4.08,,
pdb3d84,pi_cation,ARG,3.66,,
pdb1de8,pi_cation,ARG,3.43,,
pdb2dft,pi_cation,ARG,3.45,,
pdb5de5,pi_cation,ARG,4.09,,
pdb5de5,pi_cation,ARG,3.69,,
pdb5de5,pi_cation,ARG,3.61,,
pdb5dld,pi_cation,ARG,3.67,,
pdb1dre,pi_cation,ARG,4.17,,
pdb1dgb,pi_cation,ARG,3.88,,
pdb1dgb,pi_cation,ARG,3.34,,
pdb5djh,pi_cation,ARG,3.58,,
pdb5djh,pi_cation,ARG,3.58,,
pdb5dji,pi_cation,ARG,3.61,,
pdb5dji,pi_cation,ARG,3.61,,
pdb4d3o,pi_cation,ARG,4.28,,
pdb6e08,pi_cation,ARG,3.51,,
pdb5de0,pi_cation,ARG,3.73,,
pdb1dg8,pi_cation,ARG,3.97,,
pdb1dg8,pi_cation,ARG,4.2,,
pdb4e37,pi_cation,ARG,3.52,,
pdb6ddp,pi_cation,ARG,4.03,,
pdb6ddp,pi_cation,ARG,4.14,,
pdb5doz,pi_cation,ARG,4.25,,
pdb5doz,pi_cation,ARG,3.88,,
pdb5d8l,pi_cation,ARG,3.72,,
pdb6dhz,pi_cation,ARG,4.75,,
pdb1dux,pi_cation,ARG,3.94,,
pdb2dkn,pi_cation,ARG,4.9,,
pdb1dr3,pi_cation,ARG,3.93,,
pdb1dru,pi_cation,ARG,5.68,,
pdb5e88,pi_cation,ARG,4.0,,
pdb5e88,pi_cation,ARG,4.03,,
pdb5e88,pi_cation,ARG,4.01,,
pdb6dyc,pi_cation,ARG,4.05,,
pdb2eck,pi_cation,ARG,4.32,,
pdb1e1l,pi_cation,ARG,3.87,,
pdb1e1l,pi_cation,ARG,3.96,,
pdb1ea4,pi_cation,ARG,5.6,,
pdb3dtt,pi_cation,ARG,4.1,,
pdb3dtt,pi_cation,ARG,3.82,,
pdb3e4a,pi_cation,ARG,5.2,,
pdb1e84,pi_cation,ARG,4.61,,
pdb4dhs,pi_cation,ARG,4.34,,
pdb3dn5,pi_cation,ARG,3.7,,
pdb4d9p,pi_cation,ARG,3.52,,
pdb1ecn,pi_cation,ARG,3.89,,
pdb2ob0,pi_cation,ARG,4.22,,
pdb2ob0,pi_cation,ARG,4.06,,
pdb5bns,pi_cation,ARG,3.51,,
pdb3vwe,pi_cation,ARG,3.55,,
pdb3h7r,pi_cation,ARG,3.73,,
pdb1pwl,pi_cation,ARG,3.69,,
pdb2vw9,pi_cation,ARG,3.94,,
pdb2vw9,pi_cation,ARG,4.02,,
pdb2vw9,pi_cation,ARG,4.13,,
pdb3h77,pi_cation,ARG,3.59,,
pdb3h77,pi_cation,ARG,3.77,,
pdb2im3,pi_cation,ARG,4.14,,
pdb5dlj,pi_cation,ARG,4.02,,
pdb5x6b,pi_cation,ARG,3.63,,
pdb5xzr,pi_cation,ARG,3.97,,
pdb5msu,pi_cation,ARG,4.08,,
pdb1il2,pi_cation,ARG,5.07,,
pdb3m4h,pi_cation,ARG,3.78,,
pdb6ea8,pi_cation,ARG,3.11,,
pdb6ea8,pi_cation,ARG,3.47,,
pdb6ea8,pi_cation,ARG,3.7,,
pdb5x6r,pi_cation,ARG,4.94,,
pdb5x6r,pi_cation,ARG,4.94,,
pdb4hmn,pi_cation,ARG,5.35,,
pdb5tf5,pi_cation,ARG,4.74,,
pdb6bn5,pi_cation,ARG,4.18,,
pdb3eq9,pi_cation,ARG,5.6,,
pdb4gi2,pi_cation,ARG,3.93,,
pdb4gi2,pi_cation,ARG,3.6,,
pdb1is0,pi_cation,ARG,5.03,,
pdb2xel,pi_cation,ARG,4.24,,
pdb2bxh,pi_cation,ARG,5.1,,
pdb2bxh,pi_cation,ARG,4.76,,
pdb5t7b,pi_cation,ARG,4.07,,
pdb2gic,pi_cation,ARG,4.08,,
pdb2gic,pi_cation,ARG,4.02,,
pdb2gic,pi_cation,ARG,3.7,,
pdb2gic,pi_cation,ARG,3.66,,
pdb2gic,pi_cation,ARG,3.63,,
pdb3vtk,pi_cation,ARG,3.32,,
pdb3vtk,pi_cation,ARG,3.48,,
pdb3ea0,pi_cation,ARG,3.87,,
pdb1t2a,pi_cation,ARG,4.62,,
pdb1zgd,pi_cation,ARG,5.52,,
pdb6ea9,pi_cation,ARG,3.88,,
pdb6ea9,pi_cation,ARG,3.57,,
pdb5vw1,pi_cation,ARG,4.22,,
pdb5vw1,pi_cation,ARG,4.57,,
pdb4ill,pi_cation,ARG,3.67,,
pdb5x20,pi_cation,ARG,3.85,,
pdb1n5q,pi_cation,ARG,4.51,,
pdb1n5q,pi_cation,ARG,4.51,,
pdb3add,pi_cation,ARG,4.06,,
pdb5x2h,pi_cation,ARG,3.41,,
pdb5x2h,pi_cation,ARG,4.25,,
pdb5x2h,pi_cation,ARG,6.0,,
pdb5x2h,pi_cation,ARG,4.36,,
pdb1ads,pi_cation,ARG,4.09,,
pdb5mev,pi_cation,ARG,3.59,,
pdb4hik,pi_cation,ARG,5.41,,
pdb4hik,pi_cation,ARG,3.99,,
pdb5lcx,pi_cation,ARG,3.86,,
pdb3ndv,pi_cation,ARG,4.05,,
pdb3sa1,pi_cation,ARG,4.07,,
pdb1vas,pi_cation,ARG,4.03,,
pdb1vas,pi_cation,ARG,3.87,,
pdb1d0z,pi_cation,ARG,3.73,,
pdb3kkj,pi_cation,ARG,3.67,,
pdb3imj,pi_cation,ARG,5.07,,
pdb4eeo,pi_cation,ARG,4.65,,
pdb5wty,pi_cation,ARG,3.51,,
pdb5vt3,pi_cation,ARG,3.69,,
pdb5vt3,pi_cation,ARG,3.7,,
pdb1t66,pi_cation,ARG,6.0,,
pdb2ipw,pi_cation,ARG,4.04,,
pdb1n5s,pi_cation,ARG,4.09,,
pdb5x68,pi_cation,ARG,5.21,,
pdb3nt6,pi_cation,ARG,3.75,,
pdb1ye9,pi_cation,ARG,3.4,,
pdb1mxh,pi_cation,ARG,4.0,,
pdb1mxh,pi_cation,ARG,4.07,,
pdb1mxf,pi_cation,ARG,3.75,,
pdb1mxf,pi_cation,ARG,3.97,,
pdb3r6i,pi_cation,ARG,5.47,,
pdb2im2,pi_cation,ARG,4.45,,
pdb5wt1,pi_cation,ARG,3.95,,
pdb4xzh,pi_cation,ARG,3.7,,
pdb1ph7,pi_cation,ARG,3.94,,
pdb1ph7,pi_cation,ARG,3.69,,
pdb5yem,pi_cation,ARG,3.41,,
pdb3eem,pi_cation,ARG,3.99,,
pdb3eem,pi_cation,ARG,3.9,,
pdb4hid,pi_cation,ARG,3.52,,
pdb4hid,pi_cation,ARG,3.98,,
pdb4hid,pi_cation,ARG,4.11,,
pdb4hid,pi_cation,ARG,3.88,,
pdb6ady,pi_cation,ARG,3.6,,
pdb6ady,pi_cation,ARG,3.96,,
pdb5ipy,pi_cation,ARG,3.8,,
pdb5ipy,pi_cation,ARG,3.72,,
pdb3hqf,pi_cation,ARG,5.99,,
pdb4xzl,pi_cation,ARG,3.79,,
pdb6ilh,pi_cation,ARG,4.31,,
pdb2v23,pi_cation,ARG,3.77,,
pdb1vht,pi_cation,ARG,3.61,,
pdb3t6s,pi_cation,ARG,4.1,,
pdb4cvj,pi_cation,ARG,3.74,,
pdb3nta,pi_cation,ARG,3.77,,
pdb3msc,pi_cation,ARG,3.64,,
pdb1hi4,pi_cation,ARG,3.83,,
pdb2cv1,pi_cation,ARG,3.59,,
pdb1t6j,pi_cation,ARG,5.73,,
pdb5az1,pi_cation,ARG,3.88,,
pdb1pqu,pi_cation,ARG,3.74,,
pdb1pqu,pi_cation,ARG,3.87,,
pdb4b2y,pi_cation,ARG,3.45,,
pdb4cvn,pi_cation,ARG,3.79,,
pdb4xzm,pi_cation,ARG,3.78,,
pdb6c6p,pi_cation,ARG,4.73,,
pdb2r9e,pi_cation,ARG,4.44,,
pdb4bm8,pi_cation,ARG,3.42,,
pdb4bm8,pi_cation,ARG,3.73,,
pdb5xzm,pi_cation,ARG,3.43,,
pdb2i99,pi_cation,ARG,3.54,,
pdb4mra,pi_cation,ARG,4.25,,
pdb5x2g,pi_cation,ARG,3.56,,
pdb5x2g,pi_cation,ARG,3.98,,
pdb5x2g,pi_cation,ARG,4.09,,
pdb6adx,pi_cation,ARG,4.09,,
pdb6adx,pi_cation,ARG,3.7,,
pdb1iph,pi_cation,ARG,3.51,,
pdb3ics,pi_cation,ARG,3.86,,
pdb3bx2,pi_cation,ARG,3.84,,
pdb3bx2,pi_cation,ARG,4.0,,
pdb3pq5,pi_cation,ARG,3.55,,
pdb2r6j,pi_cation,ARG,3.61,,
pdb6bw8,pi_cation,ARG,4.13,,
pdb1n5t,pi_cation,ARG,4.46,,
pdb3tea,pi_cation,ARG,4.09,,
pdb3tea,pi_cation,ARG,3.98,,
pdb2bm9,pi_cation,ARG,3.74,,
pdb3m2p,pi_cation,ARG,3.41,,
pdb1uj2,pi_cation,ARG,3.8,,
pdb4xz1,pi_cation,ARG,4.55,,
pdb4xz1,pi_cation,ARG,4.03,,
pdb1e4y,pi_cation,ARG,5.34,,
pdb1e4y,pi_cation,ARG,3.66,,
pdb1phn,pi_cation,ARG,4.39,,
pdb4hog,pi_cation,ARG,3.9,,
pdb3r99,pi_cation,ARG,4.03,,
pdb3ntd,pi_cation,ARG,3.79,,
pdb1wrp,pi_cation,ARG,4.08,,
pdb2bxq,pi_cation,ARG,4.68,,
pdb6e4c,pi_cation,ARG,4.29,,
pdb5vhc,pi_cation,ARG,3.46,,
pdb5vhc,pi_cation,ARG,3.84,,
pdb3eel,pi_cation,ARG,3.91,,
pdb2vs7,pi_cation,ARG,4.02,,
pdb3adc,pi_cation,ARG,3.64,,
pdb2e48,pi_cation,ARG,4.47,,
pdb3pq4,pi_cation,ARG,3.54,,
pdb4xzd,pi_cation,ARG,3.97,,
pdb1az1,pi_cation,ARG,4.11,,
pdb1e1k,pi_cation,ARG,3.62,,
pdb1e1k,pi_cation,ARG,3.75,,
pdb3r94,pi_cation,ARG,5.4,,
pdb4ee3,pi_cation,ARG,4.57,,
pdb4eec,pi_cation,ARG,4.48,,
pdb1eeh,pi_cation,ARG,4.31,,
pdb3eek,pi_cation,ARG,3.83,,
pdb3eek,pi_cation,ARG,3.94,,
pdb5my2,pi_cation,ARG,4.19,,
pdb5my2,pi_cation,ARG,4.06,,
pdb1vhl,pi_cation,ARG,3.45,,
pdb5iuq,pi_cation,ARG,3.45,,
pdb5iuq,pi_cation,ARG,4.3,,
pdb4euv,pi_cation,ARG,3.87,,
pdb4euv,pi_cation,ARG,3.61,,
pdb2xs5,pi_cation,ARG,3.85,,
pdb2zza,pi_cation,ARG,4.42,,
pdb5u0z,pi_cation,ARG,3.58,,
pdb4ho4,pi_cation,ARG,3.76,,
pdb5wwf,pi_cation,ARG,3.65,,
pdb3vh0,pi_cation,ARG,4.44,,
pdb4cvk,pi_cation,ARG,3.87,,
pdb1rfq,pi_cation,ARG,5.05,,
pdb3ict,pi_cation,ARG,3.84,,
pdb3ee5,pi_cation,ARG,4.44,,
pdb6a36,pi_cation,ARG,3.93,,
pdb4icc,pi_cation,ARG,3.82,,
pdb4zy3,pi_cation,ARG,3.61,,
pdb3ns7,pi_cation,ARG,4.02,,
pdb4v25,pi_cation,ARG,5.19,,
pdb1hqt,pi_cation,ARG,3.74,,
pdb4v26,pi_cation,ARG,5.1,,
pdb6a37,pi_cation,ARG,4.32,,
pdb6d9l,pi_cation,ARG,4.07,,
pdb3fzt,pi_cation,ARG,3.73,,
pdb2wwh,pi_cation,ARG,3.71,,
pdb2wwh,pi_cation,ARG,3.96,,
pdb3hy1,pi_cation,ARG,4.21,,
pdb5h6j,pi_cation,ARG,4.28,,
pdb5cpi,pi_cation,ARG,3.5,,
pdb3okc,pi_cation,ARG,4.16,,
pdb4ho9,pi_cation,ARG,3.74,,
pdb1hdo,pi_cation,ARG,3.85,,
pdb6ckk,pi_cation,ARG,4.43,,
pdb2isa,pi_cation,ARG,3.47,,
pdb1ipp,pi_cation,ARG,4.58,,
pdb1ipp,pi_cation,ARG,3.73,,
pdb3pq7,pi_cation,ARG,3.55,,
pdb4qil,pi_cation,ARG,3.9,,
pdb4h50,pi_cation,ARG,3.45,,
pdb4h50,pi_cation,ARG,3.8,,
pdb4hof,pi_cation,ARG,3.81,,
pdb3mm5,pi_cation,ARG,4.16,,
pdb2noa,pi_cation,ARG,3.72,,
pdb5n5m,pi_cation,ARG,4.57,,
pdb2eus,pi_cation,ARG,3.84,,
pdb2cv2,pi_cation,ARG,3.71,,
pdb5o8r,pi_cation,ARG,3.64,,
pdb4zld,pi_cation,ARG,3.8,,
pdb5exo,pi_cation,ARG,3.77,,
pdb2cv0,pi_cation,ARG,3.61,,
pdb2icv,pi_cation,ARG,4.79,,
pdb5ta2,pi_cation,ARG,4.16,,
pdb1gra,pi_cation,ARG,3.6,,
pdb4qm7,pi_cation,ARG,4.01,,
pdb4qm7,pi_cation,ARG,4.01,,
pdb4aj9,pi_cation,ARG,3.49,,
pdb4a9w,pi_cation,ARG,4.81,,
pdb4a9w,pi_cation,ARG,4.89,,
pdb5mso,pi_cation,ARG,3.99,,
pdb2zy5,pi_cation,ARG,4.48,,
pdb6ajk,pi_cation,ARG,3.45,,
pdb4iuf,pi_cation,ARG,3.71,,
pdb4iuf,pi_cation,ARG,3.7,,
pdb4zcp,pi_cation,ARG,3.91,,
pdb5m0z,pi_cation,ARG,3.6,,
pdb5m0z,pi_cation,ARG,3.93,,
pdb3bv2,pi_cation,ARG,4.01,,
pdb6fct,pi_cation,ARG,3.75,,
pdb6fct,pi_cation,ARG,3.59,,
pdb5ocm,pi_cation,ARG,3.72,,
pdb5ocm,pi_cation,ARG,3.73,,
pdb5ex7,pi_cation,ARG,3.92,,
pdb1e1c,pi_cation,ARG,4.66,,
pdb4urn,pi_cation,ARG,3.67,,
pdb3rvd,pi_cation,ARG,5.83,,
pdb2xlr,pi_cation,ARG,3.53,,
pdb2nob,pi_cation,ARG,5.71,,
pdb5a9s,pi_cation,ARG,3.85,,
pdb5a9s,pi_cation,ARG,3.96,,
pdb5mxw,pi_cation,ARG,3.66,,
pdb3a5u,pi_cation,ARG,3.31,,
pdb1jbv,pi_cation,ARG,5.1,,
pdb3eej,pi_cation,ARG,3.91,,
pdb3eej,pi_cation,ARG,3.85,,
pdb2rir,pi_cation,ARG,3.84,,
pdb2rir,pi_cation,ARG,3.86,,
pdb5zz1,pi_cation,ARG,3.4,,
pdb5m4n,pi_cation,ARG,4.87,,
pdb1hvi,pi_cation,ARG,3.5,,
pdb1hvi,pi_cation,ARG,3.48,,
pdb4m7a,pi_cation,ARG,3.5,,
pdb4m7a,pi_cation,ARG,3.81,,
pdb4m7a,pi_cation,ARG,3.52,,
pdb4nau,pi_cation,ARG,4.33,,
pdb1m7s,pi_cation,ARG,3.48,,
pdb1m7a,pi_cation,ARG,3.87,,
pdb3g7b,pi_cation,ARG,3.83,,
pdb2xlt,pi_cation,ARG,3.73,,
pdb4hdu,pi_cation,ARG,3.63,,
pdb4hdu,pi_cation,ARG,3.79,,
pdb1os1,pi_cation,ARG,3.75,,
pdb3pq6,pi_cation,ARG,3.59,,
pdb3cvy,pi_cation,ARG,4.38,,
pdb5dno,pi_cation,ARG,4.05,,
pdb1e1t,pi_cation,ARG,4.33,,
pdb1e1t,pi_cation,ARG,4.32,,
pdb6hq3,pi_cation,ARG,3.76,,
pdb3a5y,pi_cation,ARG,4.42,,
pdb4grc,pi_cation,ARG,3.56,,
pdb6ihi,pi_cation,ARG,4.07,,
pdb6ih6,pi_cation,ARG,3.89,,
pdb4emv,pi_cation,ARG,3.71,,
pdb2fvl,pi_cation,ARG,5.34,,
pdb4uro,pi_cation,ARG,3.88,,
pdb4uro,pi_cation,ARG,3.44,,
pdb2euz,pi_cation,ARG,4.28,,
pdb2fyd,pi_cation,ARG,4.54,,
pdb5tqm,pi_cation,ARG,3.57,,
pdb2jbf,pi_cation,ARG,4.11,,
pdb4blc,pi_cation,ARG,4.19,,
pdb4blc,pi_cation,ARG,3.88,,
pdb4qd8,pi_cation,ARG,4.3,,
pdb3pq8,pi_cation,ARG,3.54,,
pdb5zyr,pi_cation,ARG,4.05,,
pdb4hoe,pi_cation,ARG,3.78,,
pdb2cnm,pi_cation,ARG,3.89,,
pdb2cnm,pi_cation,ARG,3.71,,
pdb4fc7,pi_cation,ARG,3.96,,
pdb5a5k,pi_cation,ARG,3.63,,
pdb3uf0,pi_cation,ARG,5.74,,
pdb3uf0,pi_cation,ARG,5.93,,
pdb6fpx,pi_cation,ARG,3.98,,
pdb4rvu,pi_cation,ARG,3.86,,
pdb6fgx,pi_cation,ARG,4.18,,
pdb6fgx,pi_cation,ARG,3.97,,
pdb6fgx,pi_cation,ARG,3.97,,
pdb4hym,pi_cation,ARG,4.02,,
pdb4cry,pi_cation,ARG,3.84,,
pdb4cry,pi_cation,ARG,4.05,,
pdb2cag,pi_cation,ARG,3.49,,
pdb3sa2,pi_cation,ARG,4.15,,
pdb3sa2,pi_cation,ARG,4.01,,
pdb5mes,pi_cation,ARG,3.6,,
pdb2xzg,pi_cation,ARG,5.57,,
pdb2xzg,pi_cation,ARG,3.74,,
pdb2xzg,pi_cation,ARG,3.83,,
pdb2xzg,pi_cation,ARG,3.75,,
pdb5ip3,pi_cation,ARG,4.07,,
pdb5szy,pi_cation,ARG,4.46,,
pdb3is4,pi_cation,ARG,3.81,,
pdb3is4,pi_cation,ARG,3.43,,
pdb6rft,pi_cation,ARG,4.04,,
pdb6rft,pi_cation,ARG,4.24,,
pdb1lua,pi_cation,ARG,3.6,,
pdb1lua,pi_cation,ARG,3.71,,
pdb5h6l,pi_cation,ARG,3.92,,
pdb5h6l,pi_cation,ARG,3.53,,
pdb4m7d,pi_cation,ARG,3.81,,
pdb1fyf,pi_cation,ARG,4.05,,
pdb5xzn,pi_cation,ARG,3.41,,
pdb3bxo,pi_cation,ARG,4.66,,
pdb2is6,pi_cation,ARG,3.59,,
pdb2is6,pi_cation,ARG,3.55,,
pdb2zzc,pi_cation,ARG,3.67,,
pdb3mm3,pi_cation,ARG,3.63,,
pdb4hio,pi_cation,ARG,3.61,,
pdb4hio,pi_cation,ARG,4.05,,
pdb4hio,pi_cation,ARG,3.97,,
pdb1e4v,pi_cation,ARG,4.36,,
pdb1e4v,pi_cation,ARG,4.08,,
pdb5wwg,pi_cation,ARG,3.68,,
pdb4cpf,pi_cation,ARG,3.69,,
pdb3ka7,pi_cation,ARG,5.86,,
pdb1ohj,pi_cation,ARG,4.25,,
pdb2c6q,pi_cation,ARG,3.76,,
pdb2zy3,pi_cation,ARG,4.62,,
pdb3cvu,pi_cation,ARG,4.25,,
pdb3tqa,pi_cation,ARG,3.5,,
pdb1og4,pi_cation,ARG,3.65,,
pdb1og4,pi_cation,ARG,3.6,,
pdb2euu,pi_cation,ARG,3.79,,
pdb3m0o,pi_cation,ARG,3.81,,
pdb3m0o,pi_cation,ARG,4.12,,
pdb2bvc,pi_cation,ARG,3.67,,
pdb3nwl,pi_cation,ARG,4.21,,
pdb3nwl,pi_cation,ARG,3.8,,
pdb2jhr,pi_cation,ARG,4.19,,
pdb1m79,pi_cation,ARG,3.83,,
pdb1m79,pi_cation,ARG,4.05,,
pdb4ocg,pi_cation,ARG,3.73,,
pdb2a9e,pi_cation,ARG,3.4,,
pdb2a9k,pi_cation,ARG,3.87,,
pdb3q6j,pi_cation,ARG,3.62,,
pdb3q6j,pi_cation,ARG,3.52,,
pdb6fp7,pi_cation,ARG,4.95,,
pdb3bv7,pi_cation,ARG,5.39,,
pdb3bv7,pi_cation,ARG,5.53,,
pdb4aay,pi_cation,ARG,4.31,,
pdb4bli,pi_cation,ARG,3.58,,
pdb1m2w,pi_cation,ARG,4.08,,
pdb2ntk,pi_cation,ARG,4.02,,
pdb2ntk,pi_cation,ARG,3.52,,
pdb1hnh,pi_cation,ARG,3.82,,
pdb4him,pi_cation,ARG,5.37,,
pdb2rc2,pi_cation,ARG,3.8,,
pdb2wpw,pi_cation,ARG,3.98,,
pdb2wpw,pi_cation,ARG,3.59,,
pdb4qi2,pi_cation,ARG,3.8,,
pdb2a0i,pi_cation,ARG,4.8,,
pdb3mx4,pi_cation,ARG,3.74,,
pdb2w3m,pi_cation,ARG,4.08,,
pdb1atj,pi_cation,ARG,4.29,,
pdb1ihi,pi_cation,ARG,5.56,,
pdb1cvj,pi_cation,ARG,4.17,,
pdb1cvj,pi_cation,ARG,4.04,,
pdb1cvj,pi_cation,ARG,3.49,,
pdb6aap,pi_cation,ARG,4.52,,
pdb6aap,pi_cation,ARG,4.53,,
pdb4hdv,pi_cation,ARG,3.47,,
pdb5crk,pi_cation,ARG,4.11,,
pdb2qa4,pi_cation,ARG,3.9,,
pdb2ntl,pi_cation,ARG,3.36,,
pdb5h9q,pi_cation,ARG,3.69,,
pdb3ufn,pi_cation,ARG,3.64,,
pdb4mxe,pi_cation,ARG,3.84,,
pdb4mxe,pi_cation,ARG,4.16,,
pdb1bj9,pi_cation,ARG,4.06,,
pdb4e1z,pi_cation,ARG,4.42,,
pdb5hzq,pi_cation,ARG,4.93,,
pdb2fyb,pi_cation,ARG,4.37,,
pdb5wpj,pi_cation,ARG,3.38,,
pdb1az2,pi_cation,ARG,4.35,,
pdb2exx,pi_cation,ARG,3.45,,
pdb5wn0,pi_cation,ARG,4.13,,
pdb5n1x,pi_cation,ARG,3.84,,
pdb2vih,pi_cation,ARG,4.09,,
pdb3vee,pi_cation,ARG,3.51,,
pdb2fzj,pi_cation,ARG,3.55,,
pdb4urg,pi_cation,ARG,3.81,,
pdb3tr9,pi_cation,ARG,3.47,,
pdb5az3,pi_cation,ARG,3.69,,
pdb4jmb,pi_cation,ARG,3.75,,
pdb2euq,pi_cation,ARG,3.78,,
pdb7cat,pi_cation,ARG,3.49,,
pdb1e1m,pi_cation,ARG,3.65,,
pdb1e1m,pi_cation,ARG,3.8,,
pdb1aj6,pi_cation,ARG,4.03,,
pdb1aj6,pi_cation,ARG,3.76,,
pdb5wwe,pi_cation,ARG,3.62,,
pdb4rg3,pi_cation,ARG,3.72,,
pdb4rg3,pi_cation,ARG,3.64,,
pdb1rc4,pi_cation,ARG,3.99,,
pdb4em7,pi_cation,ARG,4.08,,
pdb1fgx,pi_cation,ARG,3.94,,
pdb5awv,pi_cation,ARG,4.33,,
pdb1yjw,pi_cation,ARG,3.93,,
pdb1og3,pi_cation,ARG,3.43,,
pdb1og3,pi_cation,ARG,3.65,,
pdb3fzm,pi_cation,ARG,3.47,,
pdb2euv,pi_cation,ARG,4.07,,
pdb2a9n,pi_cation,ARG,3.45,,
pdb3e0b,pi_cation,ARG,4.12,,
pdb3e0b,pi_cation,ARG,4.11,,
pdb4eu0,pi_cation,ARG,3.92,,
pdb4eu0,pi_cation,ARG,3.6,,
pdb1x96,pi_cation,ARG,3.79,,
pdb5t8d,pi_cation,ARG,4.13,,
pdb4jma,pi_cation,ARG,3.72,,
pdb5jm5,pi_cation,ARG,5.38,,
pdb4jmz,pi_cation,ARG,3.76,,
pdb6a3d,pi_cation,ARG,3.96,,
pdb5bqx,pi_cation,ARG,3.35,,
pdb6bce,pi_cation,ARG,4.09,,
pdb3bcj,pi_cation,ARG,3.76,,
pdb4qqb,pi_cation,ARG,5.31,,
pdb4qqb,pi_cation,ARG,5.09,,
pdb4qqb,pi_cation,ARG,4.49,,
pdb2ved,pi_cation,ARG,4.07,,
pdb1ve9,pi_cation,ARG,4.54,,
pdb2h63,pi_cation,ARG,4.05,,
pdb2h63,pi_cation,ARG,3.6,,
pdb3pq2,pi_cation,ARG,3.59,,
pdb4hz5,pi_cation,ARG,3.84,,
pdb2fc1,pi_cation,ARG,4.1,,
pdb2fc1,pi_cation,ARG,4.25,,
pdb5dm3,pi_cation,ARG,3.36,,
pdb1hvs,pi_cation,ARG,3.69,,
pdb1hvs,pi_cation,ARG,3.56,,
pdb1bc7,pi_cation,ARG,3.75,,
pdb3mm6,pi_cation,ARG,4.4,,
pdb3vec,pi_cation,ARG,3.45,,
pdb4blj,pi_cation,ARG,3.88,,
pdb4blj,pi_cation,ARG,3.67,,
pdb1e0j,pi_cation,ARG,3.71,,
pdb6fqy,pi_cation,ARG,4.46,,
pdb6fqy,pi_cation,ARG,4.64,,
pdb6gr0,pi_cation,ARG,4.27,,
pdb4jmv,pi_cation,ARG,3.73,,
pdb1yj9,pi_cation,ARG,4.01,,
pdb6jc6,pi_cation,ARG,4.35,,
pdb6a39,pi_cation,ARG,4.03,,
pdb1hvj,pi_cation,ARG,3.59,,
pdb1hvj,pi_cation,ARG,3.51,,
pdb4pvo,pi_cation,ARG,3.95,,
pdb1t05,pi_cation,ARG,3.74,,
pdb4i6g,pi_cation,ARG,4.67,,
pdb4i6g,pi_cation,ARG,4.34,,
pdb6q49,pi_cation,ARG,3.81,,
pdb1trr,pi_cation,ARG,4.05,,
pdb5fvb,pi_cation,ARG,4.04,,
pdb6fpq,pi_cation,ARG,3.82,,
pdb2eut,pi_cation,ARG,3.73,,
pdb3okp,pi_cation,ARG,4.2,,
pdb3wbb,pi_cation,ARG,3.61,,
pdb5d6m,pi_cation,ARG,4.65,,
pdb3mm8,pi_cation,ARG,4.21,,
pdb6fcw,pi_cation,ARG,3.42,,
pdb6i78,pi_cation,ARG,3.33,,
pdb1aoe,pi_cation,ARG,3.85,,
pdb4zcc,pi_cation,ARG,4.29,,
pdb2otl,pi_cation,ARG,3.88,,
pdb2otl,pi_cation,ARG,3.84,,
pdb3pq3,pi_cation,ARG,3.57,,
pdb5grm,pi_cation,ARG,3.45,,
pdb5grm,pi_cation,ARG,3.81,,
pdb5grm,pi_cation,ARG,3.55,,
pdb2ans,pi_cation,ARG,4.8,,
pdb4enm,pi_cation,ARG,3.68,,
pdb4enm,pi_cation,ARG,3.97,,
pdb6hns,pi_cation,ARG,3.68,,
pdb1t8s,pi_cation,ARG,3.87,,
pdb2qie,pi_cation,ARG,4.5,,
pdb6i43,pi_cation,ARG,3.65,,
pdb1og6,pi_cation,ARG,3.55,,
pdb1og6,pi_cation,ARG,3.84,,
pdb6sfb,pi_cation,ARG,3.6,,
pdb6sfb,pi_cation,ARG,3.95,,
pdb6fph,pi_cation,ARG,5.6,,
pdb5a5f,pi_cation,ARG,3.79,,
pdb2i03,pi_cation,ARG,4.28,,
pdb4hws,pi_cation,ARG,4.11,,
pdb6ckm,pi_cation,ARG,3.81,,
pdb5ikd,pi_cation,ARG,3.68,,
pdb3g7e,pi_cation,ARG,3.54,,
pdb1wnt,pi_cation,ARG,5.0,,
pdb6m7t,pi_cation,ARG,3.85,,
pdb6brj,pi_cation,ARG,3.9,,
pdb1hyg,pi_cation,ARG,3.86,,
pdb2xlk,pi_cation,ARG,4.72,,
pdb1h6v,pi_cation,ARG,3.8,,
pdb1h6v,pi_cation,ARG,3.65,,
pdb3fdn,pi_cation,ARG,4.36,,
pdb3rgp,pi_cation,ARG,3.48,,
pdb1jbt,pi_cation,ARG,4.57,,
pdb3lin,pi_cation,ARG,3.82,,
pdb6i77,pi_cation,ARG,3.77,,
pdb1fp2,pi_cation,ARG,5.7,,
pdb2a5f,pi_cation,ARG,3.77,,
pdb2a5f,pi_cation,ARG,3.77,,
pdb2a5f,pi_cation,ARG,4.09,,
pdb4xxi,pi_cation,ARG,4.56,,
pdb1dap,pi_cation,ARG,3.59,,
pdb1dap,pi_cation,ARG,3.8,,
pdb3ubm,pi_cation,ARG,4.55,,
pdb2ah9,pi_cation,ARG,4.55,,
pdb1hvk,pi_cation,ARG,3.51,,
pdb1hvk,pi_cation,ARG,3.52,,
pdb1wvg,pi_cation,ARG,3.77,,
pdb1hye,pi_cation,ARG,4.07,,
pdb1hye,pi_cation,ARG,3.68,,
pdb3ved,pi_cation,ARG,3.48,,
pdb2x9h,pi_cation,ARG,4.69,,
pdb2x9h,pi_cation,ARG,4.93,,
pdb1rwm,pi_cation,ARG,4.18,,
pdb5xly,pi_cation,ARG,3.86,,
pdb5xly,pi_cation,ARG,3.83,,
pdb3a5a,pi_cation,ARG,3.19,,
pdb1vi0,pi_cation,ARG,3.91,,
pdb8cat,pi_cation,ARG,3.57,,
pdb8cat,pi_cation,ARG,4.08,,
pdb1jhg,pi_cation,ARG,4.16,,
pdb5liw,pi_cation,ARG,3.77,,
pdb1k8c,pi_cation,ARG,3.74,,
pdb5lta,pi_cation,ARG,4.52,,
pdb4jst,pi_cation,ARG,3.69,,
pdb5ikg,pi_cation,ARG,3.78,,
pdb1yjq,pi_cation,ARG,5.86,,
pdb6i4x,pi_cation,ARG,3.88,,
pdb5in5,pi_cation,ARG,4.33,,
pdb5crx,pi_cation,ARG,4.43,,
pdb4ike,pi_cation,ARG,4.45,,
pdb3tqb,pi_cation,ARG,3.73,,
pdb3tqb,pi_cation,ARG,3.92,,
pdb4zlr,pi_cation,ARG,4.01,,
pdb4pvd,pi_cation,ARG,3.95,,
pdb4pvd,pi_cation,ARG,4.07,,
pdb6fcy,pi_cation,ARG,3.64,,
pdb6fcy,pi_cation,ARG,3.85,,
pdb3caq,pi_cation,ARG,5.87,,
pdb4h96,pi_cation,ARG,4.41,,
pdb4h98,pi_cation,ARG,4.1,,
pdb4h98,pi_cation,ARG,3.92,,
pdb5u8a,pi_cation,ARG,3.91,,
pdb1lnm,pi_cation,ARG,4.39,,
pdb2qzk,pi_cation,ARG,4.8,,
pdb3i6i,pi_cation,ARG,5.02,,
pdb3i6i,pi_cation,ARG,5.04,,
pdb4h97,pi_cation,ARG,4.87,,
pdb3fd2,pi_cation,ARG,3.83,,
pdb1vqw,pi_cation,ARG,3.97,,
pdb1vqw,pi_cation,ARG,3.98,,
pdb1dct,pi_cation,ARG,4.1,,
pdb1dct,pi_cation,ARG,3.72,,
pdb6cxm,pi_cation,ARG,4.42,,
pdb6cxm,pi_cation,ARG,4.18,,
pdb6a4g,pi_cation,ARG,3.89,,
pdb3amt,pi_cation,ARG,4.02,,
pdb6crt,pi_cation,ARG,3.54,,
pdb2rgj,pi_cation,ARG,3.57,,
pdb2xgj,pi_cation,ARG,4.3,,
pdb2xgj,pi_cation,ARG,4.24,,
pdb1hvl,pi_cation,ARG,3.48,,
pdb1hvl,pi_cation,ARG,3.46,,
pdb5a07,pi_cation,ARG,3.77,,
pdb4hwo,pi_cation,ARG,4.18,,
pdb4hwo,pi_cation,ARG,4.18,,
pdb3c2p,pi_cation,ARG,3.55,,
pdb2anz,pi_cation,ARG,3.81,,
pdb3uhs,pi_cation,ARG,3.8,,
pdb5bnt,pi_cation,ARG,4.02,,
pdb5bnt,pi_cation,ARG,3.69,,
pdb4tny,pi_cation,ARG,3.44,,
pdb4tny,pi_cation,ARG,3.7,,
pdb4tny,pi_cation,ARG,3.43,,
pdb4io7,pi_cation,ARG,5.9,,
pdb5zcm,pi_cation,ARG,3.7,,
pdb4jb4,pi_cation,ARG,3.93,,
pdb4ent,pi_cation,ARG,3.39,,
pdb6kcq,pi_cation,ARG,3.55,,
pdb4ens,pi_cation,ARG,3.4,,
pdb6i75,pi_cation,ARG,3.6,,
pdb1cr1,pi_cation,ARG,3.85,,
pdb2ikh,pi_cation,ARG,3.8,,
pdb2c2s,pi_cation,ARG,4.73,,
pdb5w3k,pi_cation,ARG,3.87,,
pdb5n8r,pi_cation,ARG,3.65,,
pdb5zq7,pi_cation,ARG,3.18,,
pdb2qzz,pi_cation,ARG,3.59,,
pdb2j4r,pi_cation,ARG,3.49,,
pdb2j4r,pi_cation,ARG,3.27,,
pdb6fqr,pi_cation,ARG,4.55,,
pdb6emz,pi_cation,ARG,4.12,,
pdb6kc4,pi_cation,ARG,4.93,,
pdb5ufa,pi_cation,ARG,3.96,,
pdb5ufa,pi_cation,ARG,3.67,,
pdb3tq9,pi_cation,ARG,3.47,,
pdb6eqo,pi_cation,ARG,3.5,,
pdb6eqo,pi_cation,ARG,3.81,,
pdb6dag,pi_cation,ARG,5.22,,
pdb6dav,pi_cation,ARG,3.59,,
pdb5yjl,pi_cation,ARG,3.69,,
pdb5a0m,pi_cation,ARG,3.8,,
pdb5a0m,pi_cation,ARG,3.98,,
pdb2br5,pi_cation,ARG,3.56,,
pdb4br2,pi_cation,ARG,3.67,,
pdb3liq,pi_cation,ARG,3.95,,
pdb1hnd,pi_cation,ARG,3.96,,
pdb2q6u,pi_cation,ARG,4.5,,
pdb2q6u,pi_cation,ARG,4.13,,
pdb3liv,pi_cation,ARG,4.06,,
pdb2cah,pi_cation,ARG,4.03,,
pdb2cah,pi_cation,ARG,3.54,,
pdb3cas,pi_cation,ARG,5.6,,
pdb3cas,pi_cation,ARG,5.71,,
pdb5hkc,pi_cation,ARG,3.41,,
pdb3crz,pi_cation,ARG,3.52,,
pdb3vef,pi_cation,ARG,3.48,,
pdb7atj,pi_cation,ARG,4.45,,
pdb6np0,pi_cation,ARG,4.43,,
pdb6np0,pi_cation,ARG,4.26,,
pdb3uht,pi_cation,ARG,3.8,,
pdb2xgt,pi_cation,ARG,4.56,,
pdb2xgt,pi_cation,ARG,4.6,,
pdb5liu,pi_cation,ARG,3.83,,
pdb2iki,pi_cation,ARG,3.77,,
pdb2ot1,pi_cation,ARG,3.83,,
pdb2ikj,pi_cation,ARG,3.84,,
pdb4bal,pi_cation,ARG,3.75,,
pdb3cav,pi_cation,ARG,5.78,,
pdb3cav,pi_cation,ARG,5.55,,
pdb5u8f,pi_cation,ARG,3.53,,
pdb3b1f,pi_cation,ARG,3.74,,
pdb3b1f,pi_cation,ARG,3.88,,
pdb2rc1,pi_cation,ARG,4.02,,
pdb5enz,pi_cation,ARG,3.99,,
pdb3t03,pi_cation,ARG,4.03,,
pdb4bln,pi_cation,ARG,4.24,,
pdb4luz,pi_cation,ARG,3.89,,
pdb1og1,pi_cation,ARG,3.42,,
pdb1og1,pi_cation,ARG,3.53,,
pdb1jmc,pi_cation,ARG,4.25,,
pdb2an2,pi_cation,ARG,4.07,,
pdb2an2,pi_cation,ARG,4.38,,
pdb2i4o,pi_cation,ARG,4.28,,
pdb2i4o,pi_cation,ARG,4.12,,
pdb1vgq,pi_cation,ARG,3.7,,
pdb2otj,pi_cation,ARG,3.93,,
pdb2q4b,pi_cation,ARG,4.67,,
pdb3iup,pi_cation,ARG,3.84,,
pdb3iup,pi_cation,ARG,3.49,,
pdb5hnu,pi_cation,ARG,5.52,,
pdb4enu,pi_cation,ARG,3.45,,
pdb6n12,pi_cation,ARG,3.54,,
pdb2psw,pi_cation,ARG,3.91,,
pdb2psw,pi_cation,ARG,3.97,,
pdb5js1,pi_cation,ARG,4.66,,
pdb5js1,pi_cation,ARG,4.52,,
pdb3hnl,pi_cation,ARG,5.28,,
pdb3hnl,pi_cation,ARG,5.09,,
pdb5n1w,pi_cation,ARG,3.98,,
pdb5n1w,pi_cation,ARG,4.25,,
pdb1x98,pi_cation,ARG,3.84,,
pdb1cr4,pi_cation,ARG,3.82,,
pdb2qex,pi_cation,ARG,4.04,,
pdb5tr4,pi_cation,ARG,3.9,,
pdb4jsy,pi_cation,ARG,3.84,,
pdb4jsy,pi_cation,ARG,3.82,,
pdb4yye,pi_cation,ARG,4.34,,
pdb4yye,pi_cation,ARG,4.39,,
pdb4c13,pi_cation,ARG,4.03,,
pdb5np9,pi_cation,ARG,3.91,,
pdb5np9,pi_cation,ARG,4.34,,
pdb3uwo,pi_cation,ARG,3.89,,
pdb3icr,pi_cation,ARG,3.83,,
pdb1x97,pi_cation,ARG,3.79,,
pdb3uhr,pi_cation,ARG,3.85,,
pdb4jt2,pi_cation,ARG,3.82,,
pdb5in4,pi_cation,ARG,4.25,,
pdb5mt4,pi_cation,ARG,3.71,,
pdb4bar,pi_cation,ARG,4.08,,
pdb3fdd,pi_cation,ARG,4.16,,
pdb2i4m,pi_cation,ARG,4.11,,
pdb2i4m,pi_cation,ARG,3.93,,
pdb2wez,pi_cation,ARG,5.15,,
pdb4lrl,pi_cation,ARG,3.98,,
pdb2wb2,pi_cation,ARG,4.26,,
pdb1an9,pi_cation,ARG,4.49,,
pdb3i0i,pi_cation,ARG,5.71,,
pdb5ubk,pi_cation,ARG,4.08,,
pdb3in7,pi_cation,ARG,5.01,,
pdb1xg0,pi_cation,ARG,4.65,,
pdb4hy1,pi_cation,ARG,3.96,,
pdb4hy1,pi_cation,ARG,3.74,,
pdb2c2g,pi_cation,ARG,3.83,,
pdb3wbf,pi_cation,ARG,3.69,,
pdb4k9v,pi_cation,ARG,4.27,,
pdb1npd,pi_cation,ARG,3.54,,
pdb2yjy,pi_cation,ARG,3.55,,
pdb2yjy,pi_cation,ARG,3.87,,
pdb4kva,pi_cation,ARG,3.64,,
pdb4env,pi_cation,ARG,3.34,,
pdb3ahq,pi_cation,ARG,3.79,,
pdb2ofx,pi_cation,ARG,4.29,,
pdb2ofx,pi_cation,ARG,4.07,,
pdb2ofw,pi_cation,ARG,4.02,,
pdb3hwr,pi_cation,ARG,3.6,,
pdb3hwr,pi_cation,ARG,3.62,,
pdb3zqy,pi_cation,ARG,4.65,,
pdb4h95,pi_cation,ARG,4.08,,
pdb3fv5,pi_cation,ARG,3.5,,
pdb1zq5,pi_cation,ARG,5.42,,
pdb5n1u,pi_cation,ARG,4.01,,
pdb5n1u,pi_cation,ARG,3.66,,
pdb1m78,pi_cation,ARG,3.83,,
pdb2iod,pi_cation,ARG,3.66,,
pdb2br4,pi_cation,ARG,3.44,,
pdb3c1o,pi_cation,ARG,3.64,,
pdb3c1o,pi_cation,ARG,3.78,,
pdb4d6o,pi_cation,ARG,4.08,,
pdb1lt0,pi_cation,ARG,4.9,,
pdb4enp,pi_cation,ARG,3.47,,
pdb1x9q,pi_cation,ARG,5.92,,
pdb5caj,pi_cation,ARG,4.55,,
pdb3iht,pi_cation,ARG,3.54,,
pdb4jih,pi_cation,ARG,3.9,,
pdb4jms,pi_cation,ARG,3.67,,
pdb3rgs,pi_cation,ARG,3.47,,
pdb4enw,pi_cation,ARG,3.43,,
pdb3qen,pi_cation,ARG,4.05,,
pdb1qqw,pi_cation,ARG,3.78,,
pdb1otc,pi_cation,ARG,3.97,,
pdb1otc,pi_cation,ARG,3.56,,
pdb1otc,pi_cation,ARG,3.68,,
pdb1otc,pi_cation,ARG,3.88,,
pdb5xgv,pi_cation,ARG,3.81,,
pdb6ci7,pi_cation,ARG,3.48,,
pdb6ci7,pi_cation,ARG,3.42,,
pdb3c1t,pi_cation,ARG,3.66,,
pdb1ank,pi_cation,ARG,3.94,,
pdb1ank,pi_cation,ARG,3.78,,
pdb5map,pi_cation,ARG,3.54,,
pdb3qjj,pi_cation,ARG,3.62,,
pdb3qjj,pi_cation,ARG,3.71,,
pdb3qjj,pi_cation,ARG,3.59,,
pdb3qjj,pi_cation,ARG,3.54,,
pdb1p4e,pi_cation,ARG,3.65,,
pdb1vgr,pi_cation,ARG,3.83,,
pdb5h9r,pi_cation,ARG,3.65,,
pdb6ote,pi_cation,ARG,4.33,,
pdb6ote,pi_cation,ARG,4.29,,
pdb3uhq,pi_cation,ARG,3.87,,
pdb3uhx,pi_cation,ARG,3.85,,
pdb2bmb,pi_cation,ARG,5.68,,
pdb5yyn,pi_cation,ARG,3.77,,
pdb4c2j,pi_cation,ARG,3.45,,
pdb4c2j,pi_cation,ARG,3.75,,
pdb3qjl,pi_cation,ARG,3.62,,
pdb3qjl,pi_cation,ARG,3.8,,
pdb3qjl,pi_cation,ARG,3.46,,
pdb3qjl,pi_cation,ARG,3.66,,
pdb3qjl,pi_cation,ARG,3.5,,
pdb3qjl,pi_cation,ARG,3.74,,
pdb5e3q,pi_cation,ARG,4.18,,
pdb5e3q,pi_cation,ARG,3.96,,
pdb1jid,pi_cation,ARG,3.72,,
pdb6h9x,pi_cation,ARG,4.26,,
pdb6i74,pi_cation,ARG,3.77,,
pdb3brp,pi_cation,ARG,4.27,,
pdb4tnp,pi_cation,ARG,3.46,,
pdb4tnp,pi_cation,ARG,3.28,,
pdb5h9p,pi_cation,ARG,3.56,,
pdb5h9p,pi_cation,ARG,4.12,,
pdb6en0,pi_cation,ARG,3.84,,
pdb5en1,pi_cation,ARG,3.55,,
pdb4gu5,pi_cation,ARG,4.31,,
pdb4gu5,pi_cation,ARG,4.69,,
pdb1ion,pi_cation,ARG,4.14,,
pdb2c2t,pi_cation,ARG,4.86,,
pdb1o5i,pi_cation,ARG,4.33,,
pdb5h9s,pi_cation,ARG,4.21,,
pdb4enr,pi_cation,ARG,3.43,,
pdb4lni,pi_cation,ARG,4.66,,
pdb5c2i,pi_cation,ARG,3.64,,
pdb4ljr,pi_cation,ARG,4.05,,
pdb3cxc,pi_cation,ARG,4.05,,
pdb3cxc,pi_cation,ARG,3.94,,
pdb1vik,pi_cation,ARG,4.02,,
pdb3rw6,pi_cation,ARG,3.78,,
pdb2a3v,pi_cation,ARG,4.63,,
pdb4enq,pi_cation,ARG,3.38,,
pdb4tnx,pi_cation,ARG,3.45,,
pdb4tnx,pi_cation,ARG,3.63,,
pdb4tnx,pi_cation,ARG,3.35,,
pdb6a0t,pi_cation,ARG,4.1,,
pdb1fbz,pi_cation,ARG,4.07,,
pdb4psw,pi_cation,ARG,4.64,,
pdb4tnr,pi_cation,ARG,3.62,,
pdb4tnr,pi_cation,ARG,3.52,,
pdb4tnr,pi_cation,ARG,3.49,,
pdb5cky,pi_cation,ARG,3.98,,
pdb1h9d,pi_cation,ARG,3.97,,
pdb6i76,pi_cation,ARG,3.79,,
pdb2c29,pi_cation,ARG,3.7,,
pdb2xg3,pi_cation,ARG,3.89,,
pdb6sfc,pi_cation,ARG,3.41,,
pdb2ikg,pi_cation,ARG,3.83,,
pdb4mot,pi_cation,ARG,3.65,,
pdb1h5d,pi_cation,ARG,4.1,,
pdb4m6k,pi_cation,ARG,3.7,,
pdb1mok,pi_cation,ARG,3.64,,
pdb1h5c,pi_cation,ARG,3.96,,
pdb1h58,pi_cation,ARG,4.16,,
pdb1h5t,pi_cation,ARG,3.97,,
pdb1h55,pi_cation,ARG,4.1,,
pdb1h5e,pi_cation,ARG,4.06,,
pdb3m64,pi_cation,ARG,3.88,,
pdb4m6j,pi_cation,ARG,3.85,,
pdb4m6d,pi_cation,ARG,3.59,,
pdb2oyy,pi_cation,ARG,3.64,,
pdb1vqn,pi_cation,ARG,4.2,,
pdb3ool,pi_cation,ARG,3.96,,
pdb1m6x,pi_cation,ARG,3.72,,
pdb2j3l,pi_cation,ARG,3.96,,
pdb2j3l,pi_cation,ARG,4.11,,
pdb6a4h,pi_cation,ARG,3.74,,
pdb1dp6,pi_cation,ARG,4.73,,
pdb4j33,pi_cation,ARG,5.05,,
pdb4j33,pi_cation,ARG,5.18,,
pdb4jmt,pi_cation,ARG,3.72,,
pdb5xv2,pi_cation,ARG,3.73,,
pdb4x4g,pi_cation,ARG,3.85,,
pdb1p77,pi_cation,ARG,3.56,,
pdb1p77,pi_cation,ARG,3.65,,
pdb4j1g,pi_cation,ARG,3.8,,
pdb4j1g,pi_cation,ARG,4.98,,
pdb4j1g,pi_cation,ARG,3.4,,
pdb4hmu,pi_cation,ARG,3.94,,
pdb2h27,pi_cation,ARG,3.94,,
pdb5elr,pi_cation,ARG,3.82,,
pdb4qr6,pi_cation,ARG,3.87,,
pdb4x4h,pi_cation,ARG,3.85,,
pdb1p7y,pi_cation,ARG,3.41,,
pdb3ghu,pi_cation,ARG,3.81,,
pdb6clv,pi_cation,ARG,4.72,,
pdb6clv,pi_cation,ARG,3.57,,
pdb6qge,pi_cation,ARG,3.77,,
pdb6qge,pi_cation,ARG,3.89,,
pdb6ucz,pi_cation,ARG,3.4,,
pdb5qgv,pi_cation,ARG,4.49,,
pdb4xv8,pi_cation,ARG,3.82,,
pdb3n4l,pi_cation,ARG,4.57,,
pdb2a87,pi_cation,ARG,4.63,,
pdb1zm4,pi_cation,ARG,4.36,,
pdb1zm4,pi_cation,ARG,4.12,,
pdb6gpl,pi_cation,ARG,4.34,,
pdb5xvz,pi_cation,ARG,4.0,,
pdb5xvz,pi_cation,ARG,3.4,,
pdb4q8b,pi_cation,ARG,4.16,,
pdb5fll,pi_cation,ARG,3.63,,
pdb5fll,pi_cation,ARG,4.49,,
pdb1o49,pi_cation,ARG,5.19,,
pdb4xv5,pi_cation,ARG,3.85,,
pdb1o42,pi_cation,ARG,5.37,,
pdb4mde,pi_cation,ARG,4.05,,
pdb4mde,pi_cation,ARG,3.72,,
pdb4puu,pi_cation,ARG,3.89,,
pdb5el0,pi_cation,ARG,3.76,,
pdb6a1p,pi_cation,ARG,5.14,,
pdb3qo7,pi_cation,ARG,4.11,,
pdb3qo7,pi_cation,ARG,3.95,,
pdb2xvh,pi_cation,ARG,4.0,,
pdb2vnj,pi_cation,ARG,3.86,,
pdb2vnj,pi_cation,ARG,3.85,,
pdb5k5z,pi_cation,ARG,4.45,,
pdb1x3m,pi_cation,ARG,4.56,,
pdb1usf,pi_cation,ARG,3.64,,
pdb5a12,pi_cation,ARG,4.13,,
pdb4gfn,pi_cation,ARG,3.74,,
pdb1ra1,pi_cation,ARG,3.72,,
pdb6eod,pi_cation,ARG,3.48,,
pdb6eod,pi_cation,ARG,3.8,,
pdb5qgu,pi_cation,ARG,3.82,,
pdb1o4q,pi_cation,ARG,4.92,,
pdb1o45,pi_cation,ARG,5.25,,
pdb1o4h,pi_cation,ARG,3.8,,
pdb2ix1,pi_cation,ARG,3.86,,
pdb2ix1,pi_cation,ARG,3.7,,
pdb2ix1,pi_cation,ARG,3.54,,
pdb2ix1,pi_cation,ARG,3.97,,
pdb1o44,pi_cation,ARG,5.23,,
pdb4j36,pi_cation,ARG,5.34,,
pdb4j36,pi_cation,ARG,5.35,,
pdb4bfl,pi_cation,ARG,3.49,,
pdb4zrb,pi_cation,ARG,3.38,,
pdb5mjh,pi_cation,ARG,3.57,,
pdb2j2m,pi_cation,ARG,3.48,,
pdb5uso,pi_cation,ARG,4.06,,
pdb2gna,pi_cation,ARG,3.68,,
pdb4ch5,pi_cation,ARG,4.59,,
pdb5bzv,pi_cation,ARG,3.7,,
pdb5bzv,pi_cation,ARG,3.88,,
pdb1dr7,pi_cation,ARG,4.11,,
pdb6bul,pi_cation,ARG,3.78,,
pdb4fa3,pi_cation,ARG,5.4,,
pdb5itx,pi_cation,ARG,3.27,,
pdb1ra7,pi_cation,ARG,3.95,,
pdb1ra7,pi_cation,ARG,4.4,,
pdb6cf2,pi_cation,ARG,3.51,,
pdb3ght,pi_cation,ARG,3.81,,
pdb3bfv,pi_cation,ARG,4.12,,
pdb4ch3,pi_cation,ARG,4.64,,
pdb5a13,pi_cation,ARG,4.04,,
pdb4x4d,pi_cation,ARG,3.85,,
pdb4mho,pi_cation,ARG,3.68,,
pdb1kmm,pi_cation,ARG,4.27,,
pdb6gpj,pi_cation,ARG,4.36,,
pdb2vue,pi_cation,ARG,4.81,,
pdb5tmp,pi_cation,ARG,3.77,,
pdb4qbx,pi_cation,ARG,3.73,,
pdb1ko5,pi_cation,ARG,3.6,,
pdb5jp7,pi_cation,ARG,4.54,,
pdb1x3k,pi_cation,ARG,3.6,,
pdb5qgs,pi_cation,ARG,3.74,,
pdb2vnh,pi_cation,ARG,3.8,,
pdb5cfn,pi_cation,ARG,3.72,,
pdb5cfn,pi_cation,ARG,3.87,,
pdb5cfn,pi_cation,ARG,3.97,,
pdb5cfn,pi_cation,ARG,3.96,,
pdb4j34,pi_cation,ARG,5.08,,
pdb4j34,pi_cation,ARG,5.22,,
pdb1b33,pi_cation,ARG,4.5,,
pdb4cf7,pi_cation,ARG,3.81,,
pdb6b3h,pi_cation,ARG,3.79,,
pdb4nvo,pi_cation,ARG,3.79,,
pdb5tlh,pi_cation,ARG,3.97,,
pdb3dgz,pi_cation,ARG,3.6,,
pdb1ptj,pi_cation,ARG,4.37,,
pdb3vu3,pi_cation,ARG,3.45,,
pdb2b5v,pi_cation,ARG,3.73,,
pdb3wxb,pi_cation,ARG,3.81,,
pdb5b50,pi_cation,ARG,3.73,,
pdb1eyy,pi_cation,ARG,3.71,,
pdb4b3g,pi_cation,ARG,3.81,,
pdb6eoi,pi_cation,ARG,3.74,,
pdb6eoi,pi_cation,ARG,4.05,,
pdb4b5i,pi_cation,ARG,3.91,,
pdb1zh5,pi_cation,ARG,3.8,,
pdb5usx,pi_cation,ARG,3.67,,
pdb5usx,pi_cation,ARG,3.68,,
pdb1pt9,pi_cation,ARG,3.91,,
pdb2v3c,pi_cation,ARG,3.45,,
pdb1ra3,pi_cation,ARG,3.7,,
pdb1mnn,pi_cation,ARG,4.31,,
pdb1z8a,pi_cation,ARG,3.8,,
pdb2nvc,pi_cation,ARG,3.73,,
pdb4ch4,pi_cation,ARG,4.61,,
pdb3o72,pi_cation,ARG,3.53,,
pdb6pun,pi_cation,ARG,3.55,,
pdb6pun,pi_cation,ARG,3.61,,
pdb6pun,pi_cation,ARG,3.94,,
pdb1el3,pi_cation,ARG,3.96,,
pdb5n4s,pi_cation,ARG,3.86,,
pdb5n4s,pi_cation,ARG,3.66,,
pdb1cf7,pi_cation,ARG,4.63,,
pdb6qgf,pi_cation,ARG,3.77,,
pdb4tmk,pi_cation,ARG,3.57,,
pdb3uov,pi_cation,ARG,5.43,,
pdb3uov,pi_cation,ARG,4.37,,
pdb6dgl,pi_cation,ARG,3.84,,
pdb4b5k,pi_cation,ARG,3.43,,
pdb1bsv,pi_cation,ARG,3.92,,
pdb2pub,pi_cation,ARG,3.66,,
pdb4eyr,pi_cation,ARG,3.69,,
pdb1zx9,pi_cation,ARG,3.65,,
pdb3v36,pi_cation,ARG,3.93,,
pdb1dgh,pi_cation,ARG,3.41,,
pdb1uob,pi_cation,ARG,1.66,,
pdb6a1h,pi_cation,ARG,3.91,,
pdb1uof,pi_cation,ARG,5.28,,
pdb5eow,pi_cation,ARG,5.74,,
pdb5bz5,pi_cation,ARG,3.81,,
pdb5bz5,pi_cation,ARG,3.75,,
pdb4gs4,pi_cation,ARG,3.56,,
pdb5qgr,pi_cation,ARG,3.99,,
pdb2yut,pi_cation,ARG,3.84,,
pdb5qgz,pi_cation,ARG,4.59,,
pdb5qgz,pi_cation,ARG,4.17,,
pdb4eo4,pi_cation,ARG,3.61,,
pdb4qg1,pi_cation,ARG,3.63,,
pdb4qg1,pi_cation,ARG,3.45,,
pdb4qg1,pi_cation,ARG,3.52,,
pdb4tm3,pi_cation,ARG,3.73,,
pdb6nuh,pi_cation,ARG,3.71,,
pdb6nuh,pi_cation,ARG,3.94,,
pdb2pdp,pi_cation,ARG,3.78,,
pdb2a1t,pi_cation,ARG,4.05,,
pdb3l92,pi_cation,ARG,5.08,,
pdb3l92,pi_cation,ARG,5.12,,
pdb6eoh,pi_cation,ARG,3.56,,
pdb6eoh,pi_cation,ARG,3.91,,
pdb5y4z,pi_cation,ARG,3.5,,
pdb1qs2,pi_cation,ARG,3.7,,
pdb1qs2,pi_cation,ARG,3.83,,
pdb3d8x,pi_cation,ARG,3.49,,
pdb3n7q,pi_cation,ARG,3.82,,
pdb6gpk,pi_cation,ARG,4.33,,
pdb5n4t,pi_cation,ARG,3.94,,
pdb5n4t,pi_cation,ARG,3.92,,
pdb5wu3,pi_cation,ARG,4.3,,
pdb2pdn,pi_cation,ARG,3.83,,
pdb5wu4,pi_cation,ARG,4.27,,
pdb5wu4,pi_cation,ARG,4.53,,
pdb4y4n,pi_cation,ARG,4.57,,
pdb4b5f,pi_cation,ARG,3.69,,
pdb5o0b,pi_cation,ARG,3.77,,
pdb4gp6,pi_cation,ARG,3.72,,
pdb2pdy,pi_cation,ARG,3.88,,
pdb2pua,pi_cation,ARG,3.52,,
pdb1eye,pi_cation,ARG,3.48,,
pdb1dgg,pi_cation,ARG,3.45,,
pdb2pdc,pi_cation,ARG,3.86,,
pdb1evi,pi_cation,ARG,5.65,,
pdb1evi,pi_cation,ARG,4.52,,
pdb2h29,pi_cation,ARG,3.74,,
pdb2pdh,pi_cation,ARG,3.8,,
pdb2pdq,pi_cation,ARG,3.84,,
pdb3vbn,pi_cation,ARG,5.19,,
pdb2v3r,pi_cation,ARG,4.32,,
pdb2pdu,pi_cation,ARG,3.81,,
pdb5ev2,pi_cation,ARG,3.76,,
pdb2v3i,pi_cation,ARG,3.92,,
pdb2v3i,pi_cation,ARG,3.86,,
pdb1evl,pi_cation,ARG,4.08,,
pdb3ptx,pi_cation,ARG,3.75,,
pdb3ptx,pi_cation,ARG,3.74,,
pdb3ptx,pi_cation,ARG,4.22,,
pdb3ptx,pi_cation,ARG,4.21,,
pdb3ptx,pi_cation,ARG,3.77,,
pdb3ptx,pi_cation,ARG,4.25,,
pdb3ptx,pi_cation,ARG,3.94,,
pdb3ptx,pi_cation,ARG,4.0,,
pdb3ptx,pi_cation,ARG,4.42,,
pdb4mdf,pi_cation,ARG,3.89,,
pdb4mdf,pi_cation,ARG,3.68,,
pdb1n49,pi_cation,ARG,3.46,,
pdb4yho,pi_cation,ARG,3.88,,
pdb1n7h,pi_cation,ARG,4.35,,
pdb2voa,pi_cation,ARG,3.63,,
pdb2voa,pi_cation,ARG,3.4,,
pdb6qss,pi_cation,ARG,3.77,,
pdb5tlb,pi_cation,ARG,3.89,,
pdb5tlb,pi_cation,ARG,3.6,,
pdb4b5j,pi_cation,ARG,5.98,,
pdb6i2j,pi_cation,ARG,3.52,,
pdb4r5m,pi_cation,ARG,3.69,,
pdb4r5m,pi_cation,ARG,3.98,,
pdb3dgr,pi_cation,ARG,3.46,,
pdb3dgr,pi_cation,ARG,3.33,,
pdb6pdi,pi_cation,ARG,4.15,,
pdb2pdj,pi_cation,ARG,3.81,,
pdb6jnk,pi_cation,ARG,3.86,,
pdb6jnk,pi_cation,ARG,3.44,,
pdb2pd9,pi_cation,ARG,3.82,,
pdb1t3z,pi_cation,ARG,3.77,,
pdb6ejw,pi_cation,ARG,4.23,,
pdb6n0b,pi_cation,ARG,3.54,,
pdb4x4e,pi_cation,ARG,3.85,,
pdb6dg0,pi_cation,ARG,3.92,,
pdb4puw,pi_cation,ARG,3.76,,
pdb4n0j,pi_cation,ARG,4.73,,
pdb4n0j,pi_cation,ARG,4.61,,
pdb4n0j,pi_cation,ARG,5.19,,
pdb4n0j,pi_cation,ARG,5.3,,
pdb1tw5,pi_cation,ARG,4.44,,
pdb3drb,pi_cation,ARG,4.41,,
pdb5bz4,pi_cation,ARG,3.51,,
pdb5bz4,pi_cation,ARG,3.74,,
pdb1n77,pi_cation,ARG,3.66,,
pdb1gw2,pi_cation,ARG,4.23,,
pdb5bz1,pi_cation,ARG,3.75,,
pdb5bz1,pi_cation,ARG,3.71,,
pdb5bz1,pi_cation,ARG,3.49,,
pdb4x4f,pi_cation,ARG,3.85,,
pdb1vb6,pi_cation,ARG,4.77,,
pdb2qux,pi_cation,ARG,3.77,,
pdb2qux,pi_cation,ARG,4.11,,
pdb3hpr,pi_cation,ARG,4.15,,
pdb3hpr,pi_cation,ARG,3.78,,
pdb3w4i,pi_cation,ARG,4.5,,
pdb1dgf,pi_cation,ARG,3.48,,
pdb6h2j,pi_cation,ARG,3.71,,
pdb6h2j,pi_cation,ARG,3.92,,
pdb4qu7,pi_cation,ARG,3.47,,
pdb4qu7,pi_cation,ARG,3.67,,
pdb4qu6,pi_cation,ARG,3.79,,
pdb4qu6,pi_cation,ARG,3.41,,
pdb1yid,pi_cation,ARG,5.39,,
pdb4sdh,pi_cation,ARG,3.81,,
pdb4nu0,pi_cation,ARG,3.71,,
pdb4nu0,pi_cation,ARG,4.05,,
pdb4x4c,pi_cation,ARG,3.85,,
pdb3tfy,pi_cation,ARG,3.85,,
pdb3tfy,pi_cation,ARG,3.78,,
pdb3r5t,pi_cation,ARG,4.04,,
pdb5bzf,pi_cation,ARG,3.87,,
pdb5tzd,pi_cation,ARG,3.9,,
pdb5tzd,pi_cation,ARG,3.97,,
pdb2gwl,pi_cation,ARG,4.19,,
pdb2gwl,pi_cation,ARG,4.07,,
pdb3ghs,pi_cation,ARG,3.8,,
pdb3qsm,pi_cation,ARG,3.88,,
pdb3qsm,pi_cation,ARG,4.2,,
pdb1k3d,pi_cation,ARG,3.55,,
pdb1mdm,pi_cation,ARG,3.74,,
pdb3nu1,pi_cation,ARG,3.93,,
pdb3buv,pi_cation,ARG,5.43,,
pdb3onc,pi_cation,ARG,3.76,,
pdb3h86,pi_cation,ARG,4.07,,
pdb4ncb,pi_cation,ARG,3.96,,
pdb4ncb,pi_cation,ARG,3.47,,
pdb4ncb,pi_cation,ARG,5.25,,
pdb3pdu,pi_cation,ARG,3.67,,
pdb3pdu,pi_cation,ARG,3.84,,
pdb4qg2,pi_cation,ARG,3.4,,
pdb4qg2,pi_cation,ARG,3.46,,
pdb4qg2,pi_cation,ARG,3.31,,
pdb2pdw,pi_cation,ARG,3.92,,
pdb6f7u,pi_cation,ARG,4.31,,
pdb3uox,pi_cation,ARG,5.21,,
pdb3uox,pi_cation,ARG,4.41,,
pdb4bnn,pi_cation,ARG,3.91,,
pdb3sjz,pi_cation,ARG,4.17,,
pdb3sjz,pi_cation,ARG,3.84,,
pdb3onb,pi_cation,ARG,3.74,,
pdb2x7b,pi_cation,ARG,3.75,,
pdb2x7b,pi_cation,ARG,3.9,,
pdb3pu4,pi_cation,ARG,5.44,,
pdb3pu4,pi_cation,ARG,3.5,,
pdb3pu4,pi_cation,ARG,3.71,,
pdb3pu4,pi_cation,ARG,3.57,,
pdb3pu4,pi_cation,ARG,3.9,,
pdb3pu4,pi_cation,ARG,3.46,,
pdb4r5x,pi_cation,ARG,4.41,,
pdb2pdg,pi_cation,ARG,3.78,,
pdb6f7g,pi_cation,ARG,3.71,,
pdb6f7f,pi_cation,ARG,4.76,,
pdb5nc4,pi_cation,ARG,4.56,,
pdb3h2s,pi_cation,ARG,3.81,,
pdb3h2s,pi_cation,ARG,3.97,,
pdb3qgy,pi_cation,ARG,5.81,,
pdb4bzb,pi_cation,ARG,3.53,,
pdb4bzb,pi_cation,ARG,3.49,,
pdb4bzb,pi_cation,ARG,3.41,,
pdb5nc3,pi_cation,ARG,3.57,,
pdb5bzu,pi_cation,ARG,4.07,,
pdb5bzu,pi_cation,ARG,4.05,,
pdb4r1s,pi_cation,ARG,3.96,,
pdb4r1s,pi_cation,ARG,3.88,,
pdb4hp8,pi_cation,ARG,4.17,,
pdb1mwi,pi_cation,ARG,3.75,,
pdb1mwi,pi_cation,ARG,3.73,,
pdb1mwi,pi_cation,ARG,3.91,,
pdb4bzc,pi_cation,ARG,3.57,,
pdb4bzc,pi_cation,ARG,3.15,,
pdb1hch,pi_cation,ARG,4.04,,
pdb5y6n,pi_cation,ARG,3.45,,
pdb5y6n,pi_cation,ARG,3.64,,
pdb1mwj,pi_cation,ARG,3.55,,
pdb5mw6,pi_cation,ARG,3.71,,
pdb5qgy,pi_cation,ARG,4.62,,
pdb3kyg,pi_cation,ARG,3.35,,
pdb3lst,pi_cation,ARG,5.19,,
pdb2rbu,pi_cation,ARG,3.75,,
pdb1mj9,pi_cation,ARG,4.12,,
pdb2zx6,pi_cation,ARG,3.65,,
pdb1rb0,pi_cation,ARG,5.67,,
pdb5fff,pi_cation,ARG,3.87,,
pdb3wcz,pi_cation,ARG,5.39,,
pdb3wcz,pi_cation,ARG,5.5,,
pdb2zx8,pi_cation,ARG,3.41,,
pdb2zx8,pi_cation,ARG,3.81,,
pdb5ouj,pi_cation,ARG,3.74,,
pdb5zob,pi_cation,ARG,4.06,,
pdb2quz,pi_cation,ARG,5.46,,
pdb4lb3,pi_cation,ARG,3.78,,
pdb4lbs,pi_cation,ARG,3.78,,
pdb4koa,pi_cation,ARG,3.81,,
pdb4zas,pi_cation,ARG,3.95,,
pdb3ghr,pi_cation,ARG,3.78,,
pdb6sda,pi_cation,ARG,3.84,,
pdb6b3c,pi_cation,ARG,3.7,,
pdb3hpq,pi_cation,ARG,4.12,,
pdb3hpq,pi_cation,ARG,3.64,,
pdb1f9h,pi_cation,ARG,5.3,,
pdb1n7m,pi_cation,ARG,3.68,,
pdb1s1r,pi_cation,ARG,5.29,,
pdb4lb4,pi_cation,ARG,3.78,,
pdb1w4y,pi_cation,ARG,4.37,,
pdb3kyf,pi_cation,ARG,3.78,,
pdb3kyf,pi_cation,ARG,3.45,,
pdb4yhi,pi_cation,ARG,3.85,,
pdb1eyr,pi_cation,ARG,4.49,,
pdb1rb3,pi_cation,ARG,3.86,,
pdb1rb3,pi_cation,ARG,4.3,,
pdb3r35,pi_cation,ARG,3.74,,
pdb3r35,pi_cation,ARG,3.86,,
pdb3r3c,pi_cation,ARG,3.8,,
pdb3r3c,pi_cation,ARG,3.92,,
pdb6f78,pi_cation,ARG,5.4,,
pdb3r32,pi_cation,ARG,4.01,,
pdb3r32,pi_cation,ARG,3.94,,
pdb1kok,pi_cation,ARG,3.8,,
pdb5cmx,pi_cation,ARG,3.33,,
pdb6f7r,pi_cation,ARG,3.8,,
pdb6cms,pi_cation,ARG,3.59,,
pdb3r3b,pi_cation,ARG,3.81,,
pdb3r3b,pi_cation,ARG,3.84,,
pdb4lbr,pi_cation,ARG,3.77,,
pdb3uoz,pi_cation,ARG,3.83,,
pdb3lbe,pi_cation,ARG,3.46,,
pdb5y6m,pi_cation,ARG,3.66,,
pdb5y6m,pi_cation,ARG,3.5,,
pdb4abt,pi_cation,ARG,4.29,,
pdb5mwc,pi_cation,ARG,4.74,,
pdb4nid,pi_cation,ARG,4.36,,
pdb3mf1,pi_cation,ARG,3.94,,
pdb3mf1,pi_cation,ARG,4.05,,
pdb5z79,pi_cation,ARG,3.99,,
pdb4r3l,pi_cation,ARG,3.98,,
pdb4r3l,pi_cation,ARG,3.87,,
pdb1s1p,pi_cation,ARG,5.4,,
pdb6abl,pi_cation,ARG,4.56,,
pdb6abl,pi_cation,ARG,4.56,,
pdb2qxw,pi_cation,ARG,3.73,,
pdb3r3d,pi_cation,ARG,3.79,,
pdb3r3d,pi_cation,ARG,3.92,,
pdb1n7g,pi_cation,ARG,4.29,,
pdb1jn2,pi_cation,ARG,4.95,,
pdb4h8n,pi_cation,ARG,3.84,,
pdb4h8n,pi_cation,ARG,4.01,,
pdb1r38,pi_cation,ARG,3.42,,
pdb1n78,pi_cation,ARG,3.67,,
pdb3dop,pi_cation,ARG,5.48,,
pdb4zfc,pi_cation,ARG,5.41,,
pdb5ou0,pi_cation,ARG,3.82,,
pdb5eje,pi_cation,ARG,4.04,,
pdb5eje,pi_cation,ARG,3.56,,
pdb4jet,pi_cation,ARG,3.74,,
pdb6abk,pi_cation,ARG,4.53,,
pdb6abk,pi_cation,ARG,4.52,,
pdb1r3w,pi_cation,ARG,4.36,,
pdb1r3w,pi_cation,ARG,4.35,,
pdb1r3w,pi_cation,ARG,4.22,,
pdb3lbo,pi_cation,ARG,3.76,,
pdb5xhl,pi_cation,ARG,4.31,,
pdb1r3t,pi_cation,ARG,5.15,,
pdb3r37,pi_cation,ARG,3.77,,
pdb3r37,pi_cation,ARG,3.88,,
pdb6jnt,pi_cation,ARG,4.06,,
pdb6jnt,pi_cation,ARG,3.87,,
pdb4p9z,pi_cation,ARG,5.09,,
pdb5loa,pi_cation,ARG,3.53,,
pdb5loa,pi_cation,ARG,3.9,,
pdb1jnh,pi_cation,ARG,4.48,,
pdb2w13,pi_cation,ARG,3.49,,
pdb5qgx,pi_cation,ARG,4.61,,
pdb5qgx,pi_cation,ARG,3.96,,
pdb1s14,pi_cation,ARG,3.54,,
pdb1s14,pi_cation,ARG,3.72,,
pdb1on7,pi_cation,ARG,4.66,,
pdb4h7c,pi_cation,ARG,5.38,,
pdb1f7v,pi_cation,ARG,4.53,,
pdb1r3y,pi_cation,ARG,4.43,,
pdb1r3y,pi_cation,ARG,4.49,,
pdb1r3y,pi_cation,ARG,4.42,,
pdb3p9r,pi_cation,ARG,3.92,,
pdb3p9r,pi_cation,ARG,3.49,,
pdb3bsx,pi_cation,ARG,3.39,,
pdb4p9v,pi_cation,ARG,3.3,,
pdb4ku2,pi_cation,ARG,3.84,,
pdb4ku2,pi_cation,ARG,3.82,,
pdb3gwf,pi_cation,ARG,3.75,,
pdb3gwf,pi_cation,ARG,3.7,,
pdb6h7p,pi_cation,ARG,3.72,,
pdb6h7p,pi_cation,ARG,4.03,,
pdb5ouk,pi_cation,ARG,3.75,,
pdb1pbf,pi_cation,ARG,3.95,,
pdb1pbf,pi_cation,ARG,3.92,,
pdb3gww,pi_cation,ARG,4.53,,
pdb2qgi,pi_cation,ARG,4.47,,
pdb1ggh,pi_cation,ARG,3.48,,
pdb3uoy,pi_cation,ARG,4.22,,
pdb3uoy,pi_cation,ARG,3.8,,
pdb4ix7,pi_cation,ARG,4.27,,
pdb4yvv,pi_cation,ARG,5.42,,
pdb2zx7,pi_cation,ARG,3.49,,
pdb2zx7,pi_cation,ARG,3.68,,
pdb4loh,pi_cation,ARG,3.55,,
pdb4loh,pi_cation,ARG,3.52,,
pdb3bsb,pi_cation,ARG,3.72,,
pdb3bsb,pi_cation,ARG,4.02,,
pdb1qgw,pi_cation,ARG,4.63,,
pdb6b36,pi_cation,ARG,3.69,,
pdb3r3f,pi_cation,ARG,3.71,,
pdb3r3f,pi_cation,ARG,3.89,,
pdb1aen,pi_cation,ARG,5.25,,
pdb1ggk,pi_cation,ARG,3.59,,
pdb4jn0,pi_cation,ARG,3.78,,
pdb6ixj,pi_cation,ARG,3.56,,
pdb2oz9,pi_cation,ARG,4.13,,
pdb2cma,pi_cation,ARG,4.68,,
pdb1r3s,pi_cation,ARG,4.42,,
pdb1r3s,pi_cation,ARG,4.56,,
pdb1r3s,pi_cation,ARG,4.42,,
pdb4lmx,pi_cation,ARG,4.56,,
pdb3h7u,pi_cation,ARG,5.55,,
pdb3h7u,pi_cation,ARG,5.61,,
pdb4f4x,pi_cation,ARG,3.83,,
pdb2nvd,pi_cation,ARG,3.81,,
pdb3tzf,pi_cation,ARG,3.42,,
pdb5f49,pi_cation,ARG,3.75,,
pdb1zdl,pi_cation,ARG,3.76,,
pdb1zdl,pi_cation,ARG,4.06,,
pdb4yvp,pi_cation,ARG,5.31,,
pdb3ggx,pi_cation,ARG,3.1,,
pdb5xe0,pi_cation,ARG,3.94,,
pdb5xe0,pi_cation,ARG,4.1,,
pdb6jnu,pi_cation,ARG,4.13,,
pdb6jnu,pi_cation,ARG,3.74,,
pdb5b63,pi_cation,ARG,3.77,,
pdb6rja,pi_cation,ARG,3.65,,
pdb6rja,pi_cation,ARG,4.16,,
pdb6rja,pi_cation,ARG,4.2,,
pdb3p9p,pi_cation,ARG,3.39,,
pdb6p9e,pi_cation,ARG,3.64,,
pdb6d8a,pi_cation,ARG,3.67,,
pdb2uum,pi_cation,ARG,4.21,,
pdb5tzf,pi_cation,ARG,3.49,,
pdb5tzf,pi_cation,ARG,3.79,,
pdb2hc0,pi_cation,ARG,3.45,,
pdb2aec,pi_cation,ARG,4.49,,
pdb5w1i,pi_cation,ARG,3.44,,
pdb5w1i,pi_cation,ARG,3.8,,
pdb1ggj,pi_cation,ARG,3.45,,
pdb1tgu,pi_cation,ARG,3.58,,
pdb4dsj,pi_cation,ARG,3.72,,
pdb5l53,pi_cation,ARG,3.99,,
pdb1lo9,pi_cation,ARG,5.7,,
pdb3apx,pi_cation,ARG,3.88,,
pdb3snp,pi_cation,ARG,4.96,,
pdb1kxn,pi_cation,ARG,3.8,,
pdb2pey,pi_cation,ARG,3.94,,
pdb2xti,pi_cation,ARG,4.31,,
pdb2xti,pi_cation,ARG,4.23,,
pdb3sn2,pi_cation,ARG,5.05,,
pdb2pev,pi_cation,ARG,3.8,,
pdb1pbb,pi_cation,ARG,4.43,,
pdb3p9s,pi_cation,ARG,3.47,,
pdb1sny,pi_cation,ARG,4.36,,
pdb1sny,pi_cation,ARG,4.33,,
pdb3kx2,pi_cation,ARG,3.92,,
pdb6ds1,pi_cation,ARG,3.8,,
pdb6ds1,pi_cation,ARG,3.81,,
pdb3t5n,pi_cation,ARG,3.68,,
pdb1yvp,pi_cation,ARG,4.24,,
pdb1yvp,pi_cation,ARG,4.37,,
pdb2zim,pi_cation,ARG,4.47,,
pdb4yvx,pi_cation,ARG,5.39,,
pdb1ijr,pi_cation,ARG,5.03,,
pdb6d8f,pi_cation,ARG,3.8,,
pdb5oax,pi_cation,ARG,4.05,,
pdb4mf9,pi_cation,ARG,4.61,,
pdb3mf5,pi_cation,ARG,4.83,,
pdb3p9j,pi_cation,ARG,5.41,,
pdb6mfu,pi_cation,ARG,3.8,,
pdb1kjr,pi_cation,ARG,3.56,,
pdb1hj1,pi_cation,ARG,3.79,,
pdb6cmr,pi_cation,ARG,3.47,,
pdb3o26,pi_cation,ARG,3.9,,
pdb6mfl,pi_cation,ARG,4.08,,
pdb6mfl,pi_cation,ARG,4.35,,
pdb6mfl,pi_cation,ARG,4.65,,
pdb4nvd,pi_cation,ARG,3.69,,
pdb5wks,pi_cation,ARG,4.18,,
pdb4loj,pi_cation,ARG,3.98,,
pdb4loj,pi_cation,ARG,3.48,,
pdb4loj,pi_cation,ARG,3.48,,
pdb4xtt,pi_cation,ARG,3.8,,
pdb4xtt,pi_cation,ARG,4.19,,
pdb6gg2,pi_cation,ARG,4.33,,
pdb6gg2,pi_cation,ARG,3.63,,
pdb6gg2,pi_cation,ARG,3.42,,
pdb4lok,pi_cation,ARG,3.92,,
pdb4lok,pi_cation,ARG,3.83,,
pdb4lok,pi_cation,ARG,3.77,,
pdb4lok,pi_cation,ARG,3.94,,
pdb6b3g,pi_cation,ARG,3.75,,
pdb5req,pi_cation,ARG,4.66,,
pdb4h4w,pi_cation,ARG,3.54,,
pdb4h4w,pi_cation,ARG,3.64,,
pdb2ae7,pi_cation,ARG,4.51,,
pdb3o2c,pi_cation,ARG,4.44,,
pdb6rnu,pi_cation,ARG,4.5,,
pdb1hjj,pi_cation,ARG,5.69,,
pdb5aqh,pi_cation,ARG,4.36,,
pdb1gg9,pi_cation,ARG,3.42,,
pdb1yve,pi_cation,ARG,4.02,,
pdb3q0l,pi_cation,ARG,3.84,,
pdb3q0l,pi_cation,ARG,3.46,,
pdb3q0l,pi_cation,ARG,3.35,,
pdb3q0l,pi_cation,ARG,3.44,,
pdb2x07,pi_cation,ARG,3.77,,
pdb4nvb,pi_cation,ARG,3.75,,
pdb6cm2,pi_cation,ARG,3.45,,
pdb6cm2,pi_cation,ARG,3.36,,
pdb5nr2,pi_cation,ARG,3.82,,
pdb1gge,pi_cation,ARG,3.4,,
pdb1rb2,pi_cation,ARG,3.85,,
pdb5qgj,pi_cation,ARG,3.66,,
pdb2cbs,pi_cation,ARG,3.8,,
pdb6gqi,pi_cation,ARG,3.88,,
pdb6gqi,pi_cation,ARG,3.65,,
pdb1cbq,pi_cation,ARG,5.83,,
pdb5qgl,pi_cation,ARG,3.21,,
pdb4gie,pi_cation,ARG,5.47,,
pdb3e2o,pi_cation,ARG,3.74,,
pdb5qgw,pi_cation,ARG,3.79,,
pdb2w15,pi_cation,ARG,3.52,,
pdb3cme,pi_cation,ARG,4.24,,
pdb2zi3,pi_cation,ARG,3.85,,
pdb4j2o,pi_cation,ARG,3.68,,
pdb3p19,pi_cation,ARG,3.88,,
pdb3wd1,pi_cation,ARG,3.54,,
pdb5d45,pi_cation,ARG,5.81,,
pdb1o23,pi_cation,ARG,4.58,,
pdb2qx7,pi_cation,ARG,3.56,,
pdb5ggb,pi_cation,ARG,3.48,,
pdb5ggb,pi_cation,ARG,3.82,,
pdb6gg7,pi_cation,ARG,5.46,,
pdb6b3f,pi_cation,ARG,3.75,,
pdb3p9q,pi_cation,ARG,3.6,,
pdb2zio,pi_cation,ARG,4.52,,
pdb2zia,pi_cation,ARG,4.28,,
pdb4ziz,pi_cation,ARG,4.23,,
pdb3q0m,pi_cation,ARG,4.09,,
pdb3q0m,pi_cation,ARG,3.68,,
pdb3q0m,pi_cation,ARG,3.48,,
pdb4d4x,pi_cation,ARG,3.67,,
pdb3q0q,pi_cation,ARG,3.61,,
pdb3q0q,pi_cation,ARG,3.91,,
pdb3q0q,pi_cation,ARG,3.84,,
pdb3q0q,pi_cation,ARG,3.49,,
pdb1ebe,pi_cation,ARG,3.7,,
pdb4hj8,pi_cation,ARG,4.68,,
pdb2zi7,pi_cation,ARG,4.36,,
pdb4yp1,pi_cation,ARG,3.9,,
pdb4yp1,pi_cation,ARG,3.46,,
pdb4yp1,pi_cation,ARG,3.92,,
pdb4yp1,pi_cation,ARG,4.23,,
pdb3slf,pi_cation,ARG,3.48,,
pdb4yic,pi_cation,ARG,3.86,,
pdb4jng,pi_cation,ARG,4.01,,
pdb4jng,pi_cation,ARG,3.84,,
pdb1fxo,pi_cation,ARG,3.82,,
pdb2vwh,pi_cation,ARG,3.74,,
pdb1get,pi_cation,ARG,3.47,,
pdb5d4a,pi_cation,ARG,5.32,,
pdb4hj9,pi_cation,ARG,4.03,,
pdb4wd4,pi_cation,ARG,5.79,,
pdb4hj5,pi_cation,ARG,4.08,,
pdb1qcw,pi_cation,ARG,4.24,,
pdb1pbc,pi_cation,ARG,4.35,,
pdb1pbc,pi_cation,ARG,3.85,,
pdb5aqd,pi_cation,ARG,5.94,,
pdb3pgf,pi_cation,ARG,5.52,,
pdb3pgf,pi_cation,ARG,5.61,,
pdb2aky,pi_cation,ARG,3.86,,
pdb2aky,pi_cation,ARG,3.76,,
pdb1d4o,pi_cation,ARG,3.91,,
pdb2yp0,pi_cation,ARG,3.75,,
pdb2yp0,pi_cation,ARG,3.78,,
pdb2jah,pi_cation,ARG,3.78,,
pdb4zdj,pi_cation,ARG,3.55,,
pdb3nvi,pi_cation,ARG,3.78,,
pdb3nvi,pi_cation,ARG,3.47,,
pdb2jap,pi_cation,ARG,3.83,,
pdb3e2n,pi_cation,ARG,3.72,,
pdb2aqd,pi_cation,ARG,3.77,,
pdb4nia,pi_cation,ARG,3.88,,
pdb6ekz,pi_cation,ARG,3.44,,
pdb3hxo,pi_cation,ARG,3.69,,
pdb3hxo,pi_cation,ARG,3.46,,
pdb3hxo,pi_cation,ARG,3.27,,
pdb3mfk,pi_cation,ARG,3.67,,
pdb3mfk,pi_cation,ARG,5.32,,
pdb4nii,pi_cation,ARG,4.32,,
pdb4nve,pi_cation,ARG,3.76,,
pdb1e2e,pi_cation,ARG,3.58,,
pdb4nvh,pi_cation,ARG,3.76,,
pdb2q0k,pi_cation,ARG,3.84,,
pdb2q0k,pi_cation,ARG,3.83,,
pdb2ge3,pi_cation,ARG,3.14,,
pdb2nvk,pi_cation,ARG,3.59,,
pdb2nvk,pi_cation,ARG,4.0,,
pdb4nva,pi_cation,ARG,3.8,,
pdb4ge9,pi_cation,ARG,4.19,,
pdb1d0y,pi_cation,ARG,3.85,,
pdb6q3d,pi_cation,ARG,3.66,,
pdb1f9g,pi_cation,ARG,4.97,,
pdb2zi4,pi_cation,ARG,3.9,,
pdb2efw,pi_cation,ARG,4.74,,
pdb6eko,pi_cation,ARG,3.64,,
pdb6eko,pi_cation,ARG,3.67,,
pdb1gqa,pi_cation,ARG,4.91,,
pdb1fxs,pi_cation,ARG,3.93,,
pdb2w16,pi_cation,ARG,5.75,,
pdb4h4y,pi_cation,ARG,3.57,,
pdb4h4y,pi_cation,ARG,3.61,,
pdb2w14,pi_cation,ARG,3.53,,
pdb1p5r,pi_cation,ARG,3.64,,
pdb5nfb,pi_cation,ARG,3.64,,
pdb2zi6,pi_cation,ARG,3.85,,
pdb1he3,pi_cation,ARG,3.87,,
pdb6q3f,pi_cation,ARG,4.13,,
pdb1zbz,pi_cation,ARG,3.75,,
pdb1zbh,pi_cation,ARG,4.1,,
pdb1he2,pi_cation,ARG,3.83,,
pdb1h46,pi_cation,ARG,4.43,,
pdb6aqj,pi_cation,ARG,3.78,,
pdb3q0p,pi_cation,ARG,3.98,,
pdb3q0p,pi_cation,ARG,3.6,,
pdb3q0p,pi_cation,ARG,3.89,,
pdb3q0p,pi_cation,ARG,3.61,,
pdb3q0p,pi_cation,ARG,3.19,,
pdb3reu,pi_cation,ARG,4.09,,
pdb3reu,pi_cation,ARG,4.17,,
pdb4efj,pi_cation,ARG,3.88,,
pdb6b38,pi_cation,ARG,3.74,,
pdb4nig,pi_cation,ARG,4.17,,
pdb5b3i,pi_cation,ARG,4.58,,
pdb1m5x,pi_cation,ARG,3.68,,
pdb3pi2,pi_cation,ARG,3.9,,
pdb4f02,pi_cation,ARG,3.46,,
pdb4f02,pi_cation,ARG,3.86,,
pdb1uke,pi_cation,ARG,3.65,,
pdb1uke,pi_cation,ARG,4.07,,
pdb4b31,pi_cation,ARG,3.36,,
pdb6hrk,pi_cation,ARG,4.65,,
pdb5cdw,pi_cation,ARG,5.33,,
pdb3q0r,pi_cation,ARG,3.67,,
pdb3q0r,pi_cation,ARG,3.93,,
pdb3q0r,pi_cation,ARG,3.7,,
pdb3q0r,pi_cation,ARG,3.55,,
pdb4eqc,pi_cation,ARG,3.73,,
pdb2zit,pi_cation,ARG,3.86,,
pdb2zit,pi_cation,ARG,4.0,,
pdb1pgz,pi_cation,ARG,3.82,,
pdb5zix,pi_cation,ARG,3.87,,
pdb5zix,pi_cation,ARG,4.11,,
pdb5uzh,pi_cation,ARG,4.27,,
pdb3lep,pi_cation,ARG,3.78,,
pdb4hj7,pi_cation,ARG,4.26,,
pdb4hj7,pi_cation,ARG,3.79,,
pdb2hrb,pi_cation,ARG,3.82,,
pdb4d41,pi_cation,ARG,3.75,,
pdb4kne,pi_cation,ARG,3.8,,
pdb4kne,pi_cation,ARG,4.09,,
pdb1qhx,pi_cation,ARG,3.41,,
pdb5y62,pi_cation,ARG,4.11,,
pdb5qhh,pi_cation,ARG,4.67,,
pdb3hxx,pi_cation,ARG,4.23,,
pdb3hxx,pi_cation,ARG,4.27,,
pdb4h4u,pi_cation,ARG,3.82,,
pdb4h4u,pi_cation,ARG,3.54,,
pdb2x08,pi_cation,ARG,3.78,,
pdb1bkm,pi_cation,ARG,5.25,,
pdb1lvg,pi_cation,ARG,3.57,,
pdb1knz,pi_cation,ARG,3.47,,
pdb1knz,pi_cation,ARG,3.37,,
pdb6omz,pi_cation,ARG,3.37,,
pdb3q0n,pi_cation,ARG,3.67,,
pdb3q0n,pi_cation,ARG,3.31,,
pdb5h17,pi_cation,ARG,3.46,,
pdb2q0l,pi_cation,ARG,3.83,,
pdb2q0l,pi_cation,ARG,3.75,,
pdb1m8y,pi_cation,ARG,3.65,,
pdb1m8y,pi_cation,ARG,3.47,,
pdb1m8y,pi_cation,ARG,2.95,,
pdb1m8y,pi_cation,ARG,3.58,,
pdb3hxq,pi_cation,ARG,3.71,,
pdb3hxq,pi_cation,ARG,3.58,,
pdb3q0s,pi_cation,ARG,3.52,,
pdb5f0x,pi_cation,ARG,4.53,,
pdb5qh1,pi_cation,ARG,4.67,,
pdb5qh1,pi_cation,ARG,4.28,,
pdb4etz,pi_cation,ARG,3.43,,
pdb4gqg,pi_cation,ARG,3.77,,
pdb5qh8,pi_cation,ARG,4.76,,
pdb4fwp,pi_cation,ARG,4.36,,
pdb5qhl,pi_cation,ARG,5.02,,
pdb4hxz,pi_cation,ARG,4.11,,
pdb5n22,pi_cation,ARG,3.91,,
pdb5n22,pi_cation,ARG,4.14,,
pdb4rnn,pi_cation,ARG,4.71,,
pdb1m8v,pi_cation,ARG,5.91,,
pdb2g5t,pi_cation,ARG,3.55,,
pdb8dfr,pi_cation,ARG,3.85,,
pdb1m8x,pi_cation,ARG,3.66,,
pdb1m8x,pi_cation,ARG,3.28,,
pdb6dfr,pi_cation,ARG,4.04,,
pdb2vrb,pi_cation,ARG,3.7,,
pdb5qh6,pi_cation,ARG,4.44,,
pdb2c8c,pi_cation,ARG,3.89,,
pdb2c8c,pi_cation,ARG,4.26,,
pdb3rno,pi_cation,ARG,3.8,,
pdb4w5n,pi_cation,ARG,3.98,,
pdb4w5n,pi_cation,ARG,4.75,,
pdb5whx,pi_cation,ARG,3.93,,
pdb5whx,pi_cation,ARG,3.62,,
pdb5l2x,pi_cation,ARG,3.63,,
pdb3hxw,pi_cation,ARG,4.32,,
pdb2e5y,pi_cation,ARG,3.51,,
pdb5qhg,pi_cation,ARG,4.49,,
pdb3fwn,pi_cation,ARG,3.96,,
pdb3fwn,pi_cation,ARG,3.76,,
pdb2aes,pi_cation,ARG,4.57,,
pdb5qhe,pi_cation,ARG,3.77,,
pdb5qh5,pi_cation,ARG,4.53,,
pdb3i52,pi_cation,ARG,4.7,,
pdb3i52,pi_cation,ARG,4.74,,
pdb2pkr,pi_cation,ARG,4.84,,
pdb2fmt,pi_cation,ARG,3.8,,
pdb1qhh,pi_cation,ARG,3.9,,
pdb1qhh,pi_cation,ARG,3.74,,
pdb3uzx,pi_cation,ARG,5.35,,
pdb5qhf,pi_cation,ARG,4.45,,
pdb5qhf,pi_cation,ARG,3.84,,
pdb5qh2,pi_cation,ARG,4.5,,
pdb2why,pi_cation,ARG,3.83,,
pdb2why,pi_cation,ARG,3.9,,
pdb1g59,pi_cation,ARG,3.51,,
pdb4cdp,pi_cation,ARG,4.84,,
pdb1qhg,pi_cation,ARG,3.97,,
pdb1bej,pi_cation,ARG,3.97,,
pdb1lvw,pi_cation,ARG,3.71,,
pdb3whc,pi_cation,ARG,4.36,,
pdb5gto,pi_cation,ARG,5.33,,
pdb3ttv,pi_cation,ARG,3.47,,
pdb5wzj,pi_cation,ARG,3.45,,
pdb5wzj,pi_cation,ARG,3.65,,
pdb1ktp,pi_cation,ARG,4.6,,
pdb6frf,pi_cation,ARG,4.44,,
pdb4qfx,pi_cation,ARG,3.51,,
pdb4qfx,pi_cation,ARG,3.74,,
pdb4qfx,pi_cation,ARG,3.37,,
pdb1aeu,pi_cation,ARG,5.25,,
pdb5kt2,pi_cation,ARG,4.5,,
pdb6q34,pi_cation,ARG,3.57,,
pdb6gxk,pi_cation,ARG,5.36,,
pdb1fr8,pi_cation,ARG,3.78,,
pdb4fwq,pi_cation,ARG,4.55,,
pdb3gxo,pi_cation,ARG,5.29,,
pdb1f06,pi_cation,ARG,3.57,,
pdb1f06,pi_cation,ARG,3.92,,
pdb3ttu,pi_cation,ARG,3.42,,
pdb3whb,pi_cation,ARG,3.52,,
pdb6eh3,pi_cation,ARG,3.98,,
pdb3q0o,pi_cation,ARG,3.39,,
pdb3q0o,pi_cation,ARG,3.59,,
pdb3il4,pi_cation,ARG,3.84,,
pdb1k79,pi_cation,ARG,3.55,,
pdb3pzr,pi_cation,ARG,3.7,,
pdb3pzr,pi_cation,ARG,4.04,,
pdb4yhm,pi_cation,ARG,4.13,,
pdb1hxw,pi_cation,ARG,3.72,,
pdb3jyn,pi_cation,ARG,3.75,,
pdb6q3e,pi_cation,ARG,3.73,,
pdb5nfa,pi_cation,ARG,3.95,,
pdb2gjw,pi_cation,ARG,3.8,,
pdb2gjw,pi_cation,ARG,3.55,,
pdb3sxn,pi_cation,ARG,3.72,,
pdb6gjr,pi_cation,ARG,4.78,,
pdb6nf0,pi_cation,ARG,3.97,,
pdb6nf0,pi_cation,ARG,3.86,,
pdb4ijr,pi_cation,ARG,3.89,,
pdb5wzk,pi_cation,ARG,3.74,,
pdb5wzk,pi_cation,ARG,3.58,,
pdb6ijx,pi_cation,ARG,5.15,,
pdb2x1a,pi_cation,ARG,3.92,,
pdb2x1a,pi_cation,ARG,3.7,,
pdb3uzy,pi_cation,ARG,5.59,,
pdb3uzy,pi_cation,ARG,5.39,,
pdb4gvx,pi_cation,ARG,3.86,,
pdb6q31,pi_cation,ARG,3.67,,
pdb1k78,pi_cation,ARG,3.7,,
pdb3ttx,pi_cation,ARG,3.44,,
pdb1he5,pi_cation,ARG,3.91,,
pdb5b7b,pi_cation,ARG,4.07,,
pdb2uvq,pi_cation,ARG,3.67,,
pdb2uvq,pi_cation,ARG,4.11,,
pdb5kt3,pi_cation,ARG,4.97,,
pdb4req,pi_cation,ARG,4.67,,
pdb5wzi,pi_cation,ARG,3.6,,
pdb5wzi,pi_cation,ARG,3.77,,
pdb5nf9,pi_cation,ARG,3.63,,
pdb5knn,pi_cation,ARG,4.32,,
pdb5knn,pi_cation,ARG,4.13,,
pdb1u5u,pi_cation,ARG,3.35,,
pdb2bek,pi_cation,ARG,5.08,,
pdb4qho,pi_cation,ARG,4.31,,
pdb1juv,pi_cation,ARG,3.77,,
pdb1juv,pi_cation,ARG,3.61,,
pdb5u5w,pi_cation,ARG,3.7,,
pdb3b8h,pi_cation,ARG,3.69,,
pdb3b8h,pi_cation,ARG,3.62,,
pdb5k18,pi_cation,ARG,3.67,,
pdb4bec,pi_cation,ARG,4.09,,
pdb4bec,pi_cation,ARG,3.99,,
pdb5gxe,pi_cation,ARG,3.49,,
pdb4prt,pi_cation,ARG,3.92,,
pdb1jay,pi_cation,ARG,3.64,,
pdb1jay,pi_cation,ARG,3.55,,
pdb1vp5,pi_cation,ARG,3.77,,
pdb3uzw,pi_cation,ARG,5.59,,
pdb3uzw,pi_cation,ARG,5.39,,
pdb4prr,pi_cation,ARG,3.87,,
pdb4pr4,pi_cation,ARG,3.86,,
pdb6b89,pi_cation,ARG,3.79,,
pdb6b89,pi_cation,ARG,4.37,,
pdb6b89,pi_cation,ARG,5.99,,
pdb5c88,pi_cation,ARG,4.21,,
pdb4beb,pi_cation,ARG,4.23,,
pdb4beb,pi_cation,ARG,3.89,,
pdb4pk2,pi_cation,ARG,3.77,,
pdb4pk2,pi_cation,ARG,3.88,,
pdb2wzm,pi_cation,ARG,5.54,,
pdb1th2,pi_cation,ARG,3.54,,
pdb2q2z,pi_cation,ARG,5.0,,
pdb4h1j,pi_cation,ARG,3.77,,
pdb5n2i,pi_cation,ARG,3.82,,
pdb5n2i,pi_cation,ARG,3.53,,
pdb4pru,pi_cation,ARG,4.86,,
pdb4pru,pi_cation,ARG,4.7,,
pdb4pru,pi_cation,ARG,5.11,,
pdb4pru,pi_cation,ARG,5.18,,
pdb4b7a,pi_cation,ARG,3.34,,
pdb1bek,pi_cation,ARG,5.13,,
pdb2he5,pi_cation,ARG,3.69,,
pdb6dyg,pi_cation,ARG,4.0,,
pdb5wzh,pi_cation,ARG,3.38,,
pdb5wzh,pi_cation,ARG,3.63,,
pdb3dws,pi_cation,ARG,4.0,,
pdb5v7a,pi_cation,ARG,3.51,,
pdb5k1p,pi_cation,ARG,4.51,,
pdb6dyi,pi_cation,ARG,3.97,,
pdb2xq1,pi_cation,ARG,3.38,,
pdb1pzy,pi_cation,ARG,4.21,,
pdb1uzn,pi_cation,ARG,3.88,,
pdb1uzn,pi_cation,ARG,3.82,,
pdb3ug8,pi_cation,ARG,5.36,,
pdb4b7f,pi_cation,ARG,3.51,,
pdb1uvn,pi_cation,ARG,5.33,,
pdb5wzg,pi_cation,ARG,3.45,,
pdb5wzg,pi_cation,ARG,3.62,,
pdb2pzn,pi_cation,ARG,3.72,,
pdb4cdy,pi_cation,ARG,4.77,,
pdb6nev,pi_cation,ARG,5.56,,
pdb6nev,pi_cation,ARG,5.33,,
pdb2cdn,pi_cation,ARG,3.93,,
pdb2cdn,pi_cation,ARG,4.22,,
pdb4nes,pi_cation,ARG,3.94,,
pdb5u5z,pi_cation,ARG,3.76,,
pdb4pzt,pi_cation,ARG,4.11,,
pdb4pzt,pi_cation,ARG,4.15,,
pdb1ja1,pi_cation,ARG,4.07,,
pdb3ttt,pi_cation,ARG,3.46,,
pdb5u5y,pi_cation,ARG,4.49,,
pdb4b7h,pi_cation,ARG,3.68,,
pdb5ht0,pi_cation,ARG,4.14,,
pdb2jgd,pi_cation,ARG,3.92,,
pdb1he4,pi_cation,ARG,3.84,,
pdb1he4,pi_cation,ARG,4.02,,
pdb5u5v,pi_cation,ARG,3.68,,
pdb6q2b,pi_cation,ARG,4.13,,
pdb4kl1,pi_cation,ARG,5.28,,
pdb4kl1,pi_cation,ARG,5.3,,
pdb3up5,pi_cation,ARG,3.71,,
pdb1htt,pi_cation,ARG,3.84,,
pdb3ttw,pi_cation,ARG,3.43,,
pdb3kbo,pi_cation,ARG,5.74,,
pdb7upj,pi_cation,ARG,3.97,,
pdb5kt5,pi_cation,ARG,3.91,,
pdb4r0t,pi_cation,ARG,4.38,,
pdb4up7,pi_cation,ARG,4.46,,
pdb4up7,pi_cation,ARG,4.4,,
pdb5kt4,pi_cation,ARG,4.17,,
pdb4ksh,pi_cation,ARG,3.66,,
pdb4ksh,pi_cation,ARG,3.71,,
pdb4gca,pi_cation,ARG,3.71,,
pdb2dq0,pi_cation,ARG,4.6,,
pdb2dq0,pi_cation,ARG,4.46,,
pdb4igs,pi_cation,ARG,3.87,,
pdb1b7f,pi_cation,ARG,4.49,,
pdb4p8o,pi_cation,ARG,3.5,,
pdb5ywn,pi_cation,ARG,4.17,,
pdb5ywn,pi_cation,ARG,3.73,,
pdb1bep,pi_cation,ARG,4.07,,
pdb5ycd,pi_cation,ARG,3.67,,
pdb3gmb,pi_cation,ARG,4.65,,
pdb5muy,pi_cation,ARG,4.35,,
pdb5fm0,pi_cation,ARG,4.7,,
pdb4mlp,pi_cation,ARG,4.27,,
pdb5gz3,pi_cation,ARG,3.56,,
pdb5gz3,pi_cation,ARG,3.85,,
pdb4ksy,pi_cation,ARG,3.64,,
pdb1th3,pi_cation,ARG,3.84,,
pdb6s86,pi_cation,ARG,4.1,,
pdb6s86,pi_cation,ARG,3.94,,
pdb6s86,pi_cation,ARG,3.89,,
pdb6s86,pi_cation,ARG,4.07,,
pdb5thx,pi_cation,ARG,4.54,,
pdb5thx,pi_cation,ARG,3.5,,
pdb4yca,pi_cation,ARG,3.84,,
pdb6p8z,pi_cation,ARG,3.54,,
pdb4ys1,pi_cation,ARG,3.88,,
pdb3nem,pi_cation,ARG,4.8,,
pdb6gzw,pi_cation,ARG,3.68,,
pdb1dy4,pi_cation,ARG,4.82,,
pdb5ktd,pi_cation,ARG,4.04,,
pdb4ktn,pi_cation,ARG,3.52,,
pdb4ktn,pi_cation,ARG,3.91,,
pdb3gz4,pi_cation,ARG,3.82,,
pdb6ne5,pi_cation,ARG,3.48,,
pdb4b7g,pi_cation,ARG,3.75,,
pdb4b7g,pi_cation,ARG,3.68,,
pdb1p80,pi_cation,ARG,3.43,,
pdb3ktx,pi_cation,ARG,3.9,,
pdb3ktx,pi_cation,ARG,3.46,,
pdb3beo,pi_cation,ARG,3.71,,
pdb5ycf,pi_cation,ARG,3.54,,
pdb5y7n,pi_cation,ARG,3.77,,
pdb3pi3,pi_cation,ARG,3.89,,
pdb6kbs,pi_cation,ARG,3.63,,
pdb6kbs,pi_cation,ARG,3.69,,
pdb5ug2,pi_cation,ARG,3.81,,
pdb3zju,pi_cation,ARG,4.01,,
pdb3zju,pi_cation,ARG,3.85,,
pdb1p81,pi_cation,ARG,3.45,,
pdb2iq0,pi_cation,ARG,4.17,,
pdb4oq9,pi_cation,ARG,3.69,,
pdb1th4,pi_cation,ARG,3.32,,
pdb1hlv,pi_cation,ARG,5.67,,
pdb4v03,pi_cation,ARG,4.13,,
pdb6s9w,pi_cation,ARG,3.65,,
pdb5db4,pi_cation,ARG,3.41,,
pdb6s9x,pi_cation,ARG,3.81,,
pdb5t16,pi_cation,ARG,4.17,,
pdb5t16,pi_cation,ARG,3.75,,
pdb5t16,pi_cation,ARG,3.58,,
pdb2iqf,pi_cation,ARG,3.41,,
pdb6db8,pi_cation,ARG,4.07,,
pdb3b78,pi_cation,ARG,3.92,,
pdb3b78,pi_cation,ARG,3.94,,
pdb4dbs,pi_cation,ARG,5.47,,
pdb4rxr,pi_cation,ARG,3.34,,
pdb1rx9,pi_cation,ARG,3.9,,
pdb3t1m,pi_cation,ARG,3.91,,
pdb3t1m,pi_cation,ARG,5.11,,
pdb4jky,pi_cation,ARG,4.3,,
pdb3ugr,pi_cation,ARG,5.44,,
pdb1qki,pi_cation,ARG,3.4,,
pdb5jgw,pi_cation,ARG,3.86,,
pdb5yig,pi_cation,ARG,3.97,,
pdb5yig,pi_cation,ARG,3.82,,
pdb5ukd,pi_cation,ARG,3.58,,
pdb1f4j,pi_cation,ARG,3.69,,
pdb6oon,pi_cation,ARG,4.58,,
pdb4rxq,pi_cation,ARG,3.41,,
pdb3t1l,pi_cation,ARG,3.94,,
pdb3s9u,pi_cation,ARG,3.98,,
pdb3s9u,pi_cation,ARG,4.05,,
pdb3ign,pi_cation,ARG,3.65,,
pdb3qf7,pi_cation,ARG,3.74,,
pdb3qf7,pi_cation,ARG,3.56,,
pdb1qf0,pi_cation,ARG,5.19,,
pdb2ax4,pi_cation,ARG,4.23,,
pdb1xjq,pi_cation,ARG,3.73,,
pdb6r4a,pi_cation,ARG,4.77,,
pdb4r4i,pi_cation,ARG,3.85,,
pdb4ugv,pi_cation,ARG,3.97,,
pdb4ugv,pi_cation,ARG,4.22,,
pdb3ukd,pi_cation,ARG,3.69,,
pdb5jgv,pi_cation,ARG,5.82,,
pdb6ibn,pi_cation,ARG,3.57,,
pdb4nvc,pi_cation,ARG,3.68,,
pdb4qnq,pi_cation,ARG,3.64,,
pdb2d3q,pi_cation,ARG,3.59,,
pdb4y9j,pi_cation,ARG,3.69,,
pdb1pjl,pi_cation,ARG,4.84,,
pdb1pjl,pi_cation,ARG,4.87,,
pdb4r4t,pi_cation,ARG,3.64,,
pdb5z6m,pi_cation,ARG,3.47,,
pdb4kqx,pi_cation,ARG,3.74,,
pdb4kqx,pi_cation,ARG,3.25,,
pdb4d3f,pi_cation,ARG,3.61,,
pdb4d3f,pi_cation,ARG,3.69,,
pdb4ukd,pi_cation,ARG,3.73,,
pdb1oqm,pi_cation,ARG,4.44,,
pdb3pca,pi_cation,ARG,5.78,,
pdb4ijl,pi_cation,ARG,4.28,,
pdb5if4,pi_cation,ARG,3.66,,
pdb5kla,pi_cation,ARG,3.65,,
pdb5kla,pi_cation,ARG,3.84,,
pdb3up4,pi_cation,ARG,3.59,,
pdb4oqy,pi_cation,ARG,3.71,,
pdb4oqy,pi_cation,ARG,3.75,,
pdb1xse,pi_cation,ARG,3.94,,
pdb4w5j,pi_cation,ARG,4.1,,
pdb4w5j,pi_cation,ARG,3.69,,
pdb3qnr,pi_cation,ARG,3.52,,
pdb1r4l,pi_cation,ARG,5.61,,
pdb2up1,pi_cation,ARG,3.68,,
pdb1sy7,pi_cation,ARG,3.35,,
pdb5nq5,pi_cation,ARG,3.53,,
pdb1b8a,pi_cation,ARG,4.81,,
pdb1b8a,pi_cation,ARG,4.89,,
pdb1wle,pi_cation,ARG,4.43,,
pdb1rx1,pi_cation,ARG,3.8,,
pdb3pcc,pi_cation,ARG,5.93,,
pdb4oq7,pi_cation,ARG,3.69,,
pdb5iq1,pi_cation,ARG,3.82,,
pdb5iq1,pi_cation,ARG,3.63,,
pdb3srk,pi_cation,ARG,3.48,,
pdb3wfj,pi_cation,ARG,3.65,,
pdb3sop,pi_cation,ARG,3.42,,
pdb3sop,pi_cation,ARG,3.57,,
pdb4xjx,pi_cation,ARG,4.01,,
pdb4xjx,pi_cation,ARG,3.79,,
pdb4rxp,pi_cation,ARG,3.38,,
pdb6ieh,pi_cation,ARG,4.08,,
pdb6ieh,pi_cation,ARG,4.15,,
pdb2uag,pi_cation,ARG,3.96,,
pdb2bd0,pi_cation,ARG,3.71,,
pdb3qkz,pi_cation,ARG,3.81,,
pdb1bbh,pi_cation,ARG,4.81,,
pdb2iqd,pi_cation,ARG,4.11,,
pdb3u7r,pi_cation,ARG,3.8,,
pdb1qf7,pi_cation,ARG,3.41,,
pdb5b82,pi_cation,ARG,4.81,,
pdb5b82,pi_cation,ARG,3.71,,
pdb1hf0,pi_cation,ARG,4.51,,
pdb1lqt,pi_cation,ARG,3.9,,
pdb1lqt,pi_cation,ARG,3.61,,
pdb3sr0,pi_cation,ARG,4.35,,
pdb3smv,pi_cation,ARG,4.75,,
pdb6g2n,pi_cation,ARG,3.78,,
pdb5zj5,pi_cation,ARG,3.67,,
pdb5zj5,pi_cation,ARG,3.72,,
pdb2xs2,pi_cation,ARG,3.9,,
pdb4jld,pi_cation,ARG,3.63,,
pdb1z48,pi_cation,ARG,3.95,,
pdb1mb4,pi_cation,ARG,3.62,,
pdb4jl8,pi_cation,ARG,4.37,,
pdb3b82,pi_cation,ARG,3.9,,
pdb3b82,pi_cation,ARG,3.88,,
pdb4jln,pi_cation,ARG,4.34,,
pdb1mi3,pi_cation,ARG,3.8,,
pdb6a21,pi_cation,ARG,3.91,,
pdb3pcf,pi_cation,ARG,5.87,,
pdb5g6r,pi_cation,ARG,3.66,,
pdb5g6r,pi_cation,ARG,3.98,,
pdb4iqk,pi_cation,ARG,3.81,,
pdb1ez0,pi_cation,ARG,4.3,,
pdb1ez0,pi_cation,ARG,3.7,,
pdb3ucl,pi_cation,ARG,3.71,,
pdb3ucl,pi_cation,ARG,3.72,,
pdb6dtd,pi_cation,ARG,3.71,,
pdb4jlp,pi_cation,ARG,3.68,,
pdb4jlb,pi_cation,ARG,3.58,,
pdb1x6v,pi_cation,ARG,4.34,,
pdb1u70,pi_cation,ARG,3.84,,
pdb5kio,pi_cation,ARG,4.28,,
pdb2bbw,pi_cation,ARG,3.99,,
pdb2bbw,pi_cation,ARG,4.06,,
pdb4asy,pi_cation,ARG,3.97,,
pdb5iel,pi_cation,ARG,3.49,,
pdb6db9,pi_cation,ARG,3.87,,
pdb5gsn,pi_cation,ARG,3.65,,
pdb5gsn,pi_cation,ARG,3.87,,
pdb3g1r,pi_cation,ARG,5.43,,
pdb4x5g,pi_cation,ARG,3.69,,
pdb5g6b,pi_cation,ARG,4.46,,
pdb4aun,pi_cation,ARG,3.38,,
pdb5yw4,pi_cation,ARG,4.15,,
pdb5yw4,pi_cation,ARG,3.66,,
pdb4r4o,pi_cation,ARG,3.8,,
pdb3c46,pi_cation,ARG,3.46,,
pdb3c46,pi_cation,ARG,3.64,,
pdb4u7w,pi_cation,ARG,4.36,,
pdb4u7w,pi_cation,ARG,4.37,,
pdb1au7,pi_cation,ARG,4.36,,
pdb5iq4,pi_cation,ARG,3.76,,
pdb5iq4,pi_cation,ARG,3.62,,
pdb4ie5,pi_cation,ARG,4.41,,
pdb5tva,pi_cation,ARG,4.01,,
pdb4mbc,pi_cation,ARG,3.67,,
pdb5iez,pi_cation,ARG,3.63,,
pdb4r4q,pi_cation,ARG,3.96,,
pdb4rdx,pi_cation,ARG,4.02,,
pdb2as6,pi_cation,ARG,3.75,,
pdb4kpy,pi_cation,ARG,3.78,,
pdb4kpy,pi_cation,ARG,3.82,,
pdb4gs1,pi_cation,ARG,3.53,,
pdb4tvy,pi_cation,ARG,3.76,,
pdb4tvy,pi_cation,ARG,3.62,,
pdb4gcm,pi_cation,ARG,3.89,,
pdb4gcm,pi_cation,ARG,3.76,,
pdb4ien,pi_cation,ARG,4.69,,
pdb3ccb,pi_cation,ARG,4.17,,
pdb1g1l,pi_cation,ARG,3.84,,
pdb1a27,pi_cation,ARG,5.57,,
pdb4aum,pi_cation,ARG,3.42,,
pdb4r4c,pi_cation,ARG,3.66,,
pdb3ccv,pi_cation,ARG,4.11,,
pdb3r43,pi_cation,ARG,5.4,,
pdb2v8y,pi_cation,ARG,4.9,,
pdb4lwa,pi_cation,ARG,3.56,,
pdb1u74,pi_cation,ARG,4.73,,
pdb1qf9,pi_cation,ARG,3.67,,
pdb6g2m,pi_cation,ARG,3.68,,
pdb4qfy,pi_cation,ARG,3.59,,
pdb4qfy,pi_cation,ARG,3.52,,
pdb4qfy,pi_cation,ARG,3.55,,
pdb5vj0,pi_cation,ARG,3.53,,
pdb5htl,pi_cation,ARG,3.75,,
pdb1y30,pi_cation,ARG,5.73,,
pdb2vxh,pi_cation,ARG,4.23,,
pdb3d3f,pi_cation,ARG,3.61,,
pdb1k7a,pi_cation,ARG,3.55,,
pdb1k7a,pi_cation,ARG,5.97,,
pdb1lwi,pi_cation,ARG,5.86,,
pdb1lwi,pi_cation,ARG,5.74,,
pdb4if5,pi_cation,ARG,3.61,,
pdb3lqg,pi_cation,ARG,3.76,,
pdb2rde,pi_cation,ARG,3.85,,
pdb2rde,pi_cation,ARG,3.47,,
pdb2bh9,pi_cation,ARG,3.53,,
pdb4d3h,pi_cation,ARG,3.73,,
pdb4d3h,pi_cation,ARG,3.93,,
pdb4pw7,pi_cation,ARG,4.48,,
pdb4pw7,pi_cation,ARG,4.26,,
pdb4pw7,pi_cation,ARG,4.21,,
pdb3ar9,pi_cation,ARG,4.07,,
pdb3l0f,pi_cation,ARG,4.42,,
pdb4d3j,pi_cation,ARG,3.83,,
pdb4aue,pi_cation,ARG,3.46,,
pdb4iin,pi_cation,ARG,3.48,,
pdb4to0,pi_cation,ARG,3.84,,
pdb4to0,pi_cation,ARG,3.46,,
pdb4to0,pi_cation,ARG,3.3,,
pdb1kij,pi_cation,ARG,3.73,,
pdb1kij,pi_cation,ARG,3.86,,
pdb6asi,pi_cation,ARG,3.63,,
pdb4to5,pi_cation,ARG,3.28,,
pdb4to5,pi_cation,ARG,3.17,,
pdb1tow,pi_cation,ARG,5.08,,
pdb6bhj,pi_cation,ARG,5.44,,
pdb4as1,pi_cation,ARG,3.83,,
pdb4as1,pi_cation,ARG,3.68,,
pdb1g1x,pi_cation,ARG,3.76,,
pdb4un7,pi_cation,ARG,4.34,,
pdb3bhi,pi_cation,ARG,3.98,,
pdb4aul,pi_cation,ARG,3.44,,
pdb4x5j,pi_cation,ARG,3.54,,
pdb4to3,pi_cation,ARG,3.62,,
pdb4to3,pi_cation,ARG,3.52,,
pdb4to3,pi_cation,ARG,3.38,,
pdb4lp0,pi_cation,ARG,3.79,,
pdb1ngw,pi_cation,ARG,4.02,,
pdb1g2v,pi_cation,ARG,3.72,,
pdb3vxi,pi_cation,ARG,3.63,,
pdb1x55,pi_cation,ARG,4.42,,
pdb4x5k,pi_cation,ARG,4.14,,
pdb4x5k,pi_cation,ARG,3.96,,
pdb4ag7,pi_cation,ARG,4.28,,
pdb4ag7,pi_cation,ARG,3.93,,
pdb5y80,pi_cation,ARG,3.94,,
pdb3v1z,pi_cation,ARG,4.48,,
pdb5ngx,pi_cation,ARG,4.77,,
pdb5ngx,pi_cation,ARG,4.76,,
pdb2huw,pi_cation,ARG,5.03,,
pdb5uli,pi_cation,ARG,3.49,,
pdb1po6,pi_cation,ARG,3.72,,
pdb3g6e,pi_cation,ARG,4.03,,
pdb4x5i,pi_cation,ARG,3.5,,
pdb4dhq,pi_cation,ARG,4.18,,
pdb5lpk,pi_cation,ARG,4.88,,
pdb4to1,pi_cation,ARG,3.6,,
pdb4to1,pi_cation,ARG,3.37,,
pdb6rhm,pi_cation,ARG,3.66,,
pdb4i5x,pi_cation,ARG,3.81,,
pdb2dxi,pi_cation,ARG,3.64,,
pdb4jvy,pi_cation,ARG,4.18,,
pdb4jvy,pi_cation,ARG,4.46,,
pdb4lpb,pi_cation,ARG,3.86,,
pdb5egj,pi_cation,ARG,3.45,,
pdb3dh3,pi_cation,ARG,3.58,,
pdb3dh3,pi_cation,ARG,3.83,,
pdb4dho,pi_cation,ARG,4.33,,
pdb4dhr,pi_cation,ARG,4.1,,
pdb4po5,pi_cation,ARG,4.27,,
pdb6rhl,pi_cation,ARG,3.76,,
pdb6rhl,pi_cation,ARG,4.32,,
pdb1rh3,pi_cation,ARG,4.56,,
pdb1lqu,pi_cation,ARG,3.89,,
pdb1lqu,pi_cation,ARG,3.6,,
pdb3lql,pi_cation,ARG,3.74,,
pdb6c4m,pi_cation,ARG,3.47,,
pdb1pwm,pi_cation,ARG,3.8,,
pdb2agd,pi_cation,ARG,4.55,,
pdb4x5h,pi_cation,ARG,3.48,,
pdb5unf,pi_cation,ARG,3.53,,
pdb4x5f,pi_cation,ARG,4.14,,
pdb2vjt,pi_cation,ARG,4.57,,
pdb5kgo,pi_cation,ARG,3.59,,
pdb5kgo,pi_cation,ARG,3.35,,
pdb4z9m,pi_cation,ARG,4.13,,
pdb3ulp,pi_cation,ARG,5.1,,
pdb3ulp,pi_cation,ARG,3.34,,
pdb3ulp,pi_cation,ARG,3.47,,
pdb2z9d,pi_cation,ARG,3.76,,
pdb1ytm,pi_cation,ARG,3.6,,
pdb4unn,pi_cation,ARG,3.83,,
pdb3lps,pi_cation,ARG,3.81,,
pdb3lps,pi_cation,ARG,3.61,,
pdb4yqf,pi_cation,ARG,3.71,,
pdb3jvx,pi_cation,ARG,3.97,,
pdb3jvx,pi_cation,ARG,3.9,,
pdb4rd0,pi_cation,ARG,4.01,,
pdb4rd0,pi_cation,ARG,3.97,,
pdb5ooh,pi_cation,ARG,3.84,,
pdb1s2c,pi_cation,ARG,5.45,,
pdb4jl6,pi_cation,ARG,4.42,,
pdb1lpg,pi_cation,ARG,3.6,,
pdb1yty,pi_cation,ARG,3.92,,
pdb2jlx,pi_cation,ARG,3.77,,
pdb4jl5,pi_cation,ARG,3.72,,
pdb5l4s,pi_cation,ARG,3.86,,
pdb1tdf,pi_cation,ARG,3.94,,
pdb2jl1,pi_cation,ARG,3.69,,
pdb4jla,pi_cation,ARG,4.32,,
pdb4u9y,pi_cation,ARG,3.6,,
pdb3td8,pi_cation,ARG,3.82,,
pdb4jlj,pi_cation,ARG,4.28,,
pdb5ly3,pi_cation,ARG,3.77,,
pdb1e9a,pi_cation,ARG,3.47,,
pdb4i5e,pi_cation,ARG,3.95,,
pdb2agt,pi_cation,ARG,3.72,,
pdb4u9z,pi_cation,ARG,3.66,,
pdb4u9z,pi_cation,ARG,4.1,,
pdb3e9i,pi_cation,ARG,4.73,,
pdb2e9z,pi_cation,ARG,5.49,,
pdb4jlo,pi_cation,ARG,4.58,,
pdb1sm9,pi_cation,ARG,3.8,,
pdb1tdo,pi_cation,ARG,4.38,,
pdb4xva,pi_cation,ARG,4.26,,
pdb4ivt,pi_cation,ARG,3.67,,
pdb2uyy,pi_cation,ARG,3.54,,
pdb5o6g,pi_cation,ARG,3.97,,
pdb1g9q,pi_cation,ARG,4.56,,
pdb4l4x,pi_cation,ARG,3.64,,
pdb4xv4,pi_cation,ARG,3.77,,
pdb1z9a,pi_cation,ARG,3.68,,
pdb1g8k,pi_cation,ARG,3.77,,
pdb3k45,pi_cation,ARG,3.69,,
pdb4lwc,pi_cation,ARG,4.11,,
pdb4u7u,pi_cation,ARG,4.6,,
pdb4u7u,pi_cation,ARG,3.85,,
pdb4u7u,pi_cation,ARG,4.07,,
pdb5msp,pi_cation,ARG,3.98,,
pdb2j8t,pi_cation,ARG,3.79,,
pdb2j8y,pi_cation,ARG,3.71,,
pdb1g8j,pi_cation,ARG,3.88,,
pdb3uie,pi_cation,ARG,3.87,,
pdb5l4l,pi_cation,ARG,3.71,,
pdb5ojl,pi_cation,ARG,3.64,,
pdb2as4,pi_cation,ARG,3.67,,
pdb6pxs,pi_cation,ARG,4.45,,
pdb3to6,pi_cation,ARG,3.7,,
pdb1l4y,pi_cation,ARG,3.57,,
pdb1l4y,pi_cation,ARG,3.85,,
pdb4uxm,pi_cation,ARG,3.81,,
pdb1ojt,pi_cation,ARG,3.89,,
pdb3w8m,pi_cation,ARG,4.68,,
pdb3tox,pi_cation,ARG,3.99,,
pdb3l1c,pi_cation,ARG,5.46,,
pdb3l1p,pi_cation,ARG,4.69,,
pdb4xv7,pi_cation,ARG,3.74,,
pdb3f1k,pi_cation,ARG,4.0,,
pdb3o6r,pi_cation,ARG,4.49,,
pdb1ra2,pi_cation,ARG,3.8,,
pdb5jxu,pi_cation,ARG,3.59,,
pdb5msr,pi_cation,ARG,4.13,,
pdb2vfl,pi_cation,ARG,3.6,,
pdb5unh,pi_cation,ARG,3.48,,
pdb4u9v,pi_cation,ARG,3.77,,
pdb4u9v,pi_cation,ARG,3.85,,
pdb5l3z,pi_cation,ARG,3.74,,
pdb1yqr,pi_cation,ARG,5.57,,
pdb4uin,pi_cation,ARG,3.72,,
pdb3w88,pi_cation,ARG,4.22,,
pdb4yqv,pi_cation,ARG,4.7,,
pdb1g3l,pi_cation,ARG,3.74,,
pdb4k47,pi_cation,ARG,4.6,,
pdb4xye,pi_cation,ARG,4.73,,
pdb1re1,pi_cation,ARG,4.66,,
pdb2v1o,pi_cation,ARG,3.55,,
pdb2v1o,pi_cation,ARG,3.51,,
pdb6ewz,pi_cation,ARG,3.9,,
pdb6ewz,pi_cation,ARG,4.14,,
pdb6ewz,pi_cation,ARG,5.55,,
pdb3re8,pi_cation,ARG,3.45,,
pdb4l1e,pi_cation,ARG,4.44,,
pdb4una,pi_cation,ARG,4.05,,
pdb1qvg,pi_cation,ARG,4.0,,
pdb1qvg,pi_cation,ARG,3.95,,
pdb1yo5,pi_cation,ARG,3.7,,
pdb1yo5,pi_cation,ARG,5.02,,
pdb3mvb,pi_cation,ARG,4.08,,
pdb3m12,pi_cation,ARG,3.87,,
pdb3m12,pi_cation,ARG,4.15,,
pdb4i3c,pi_cation,ARG,3.42,,
pdb4i3c,pi_cation,ARG,5.24,,
pdb5y17,pi_cation,ARG,3.34,,
pdb4kqv,pi_cation,ARG,3.59,,
pdb1ra9,pi_cation,ARG,3.64,,
pdb4y1b,pi_cation,ARG,3.73,,
pdb4y1b,pi_cation,ARG,3.57,,
pdb4fal,pi_cation,ARG,5.39,,
pdb3mc5,pi_cation,ARG,3.76,,
pdb5m4m,pi_cation,ARG,4.88,,
pdb4rk0,pi_cation,ARG,4.79,,
pdb6q52,pi_cation,ARG,3.8,,
pdb5xig,pi_cation,ARG,4.46,,
pdb3ow2,pi_cation,ARG,4.01,,
pdb5yoa,pi_cation,ARG,3.71,,
pdb5yoa,pi_cation,ARG,3.31,,
pdb5u97,pi_cation,ARG,4.05,,
pdb5fan,pi_cation,ARG,3.41,,
pdb3ftq,pi_cation,ARG,3.56,,
pdb1g3q,pi_cation,ARG,4.12,,
pdb5o6i,pi_cation,ARG,4.08,,
pdb6mqb,pi_cation,ARG,3.58,,
pdb6mqb,pi_cation,ARG,3.7,,
pdb4wgz,pi_cation,ARG,3.91,,
pdb3rku,pi_cation,ARG,3.9,,
pdb1tb3,pi_cation,ARG,3.79,,
pdb1t41,pi_cation,ARG,3.69,,
pdb1i36,pi_cation,ARG,3.46,,
pdb1coz,pi_cation,ARG,3.89,,
pdb3ix9,pi_cation,ARG,4.01,,
pdb3ix9,pi_cation,ARG,3.75,,
pdb2i16,pi_cation,ARG,3.74,,
pdb3t42,pi_cation,ARG,3.72,,
pdb2qln,pi_cation,ARG,3.93,,
pdb4s2x,pi_cation,ARG,3.81,,
pdb4s2x,pi_cation,ARG,3.76,,
pdb6qln,pi_cation,ARG,3.79,,
pdb3hb5,pi_cation,ARG,4.21,,
pdb3s56,pi_cation,ARG,3.93,,
pdb3mco,pi_cation,ARG,3.96,,
pdb6ftz,pi_cation,ARG,4.35,,
pdb4jj0,pi_cation,ARG,4.78,,
pdb4krf,pi_cation,ARG,3.7,,
pdb4krf,pi_cation,ARG,3.59,,
pdb6hhj,pi_cation,ARG,3.85,,
pdb4kiw,pi_cation,ARG,5.62,,
pdb3k47,pi_cation,ARG,3.73,,
pdb6oob,pi_cation,ARG,4.48,,
pdb3cja,pi_cation,ARG,3.77,,
pdb3cja,pi_cation,ARG,3.69,,
pdb3r8g,pi_cation,ARG,5.44,,
pdb3cj7,pi_cation,ARG,3.49,,
pdb2r2g,pi_cation,ARG,3.46,,
pdb3vvb,pi_cation,ARG,3.66,,
pdb4kfj,pi_cation,ARG,3.81,,
pdb1xok,pi_cation,ARG,3.72,,
pdb1g3r,pi_cation,ARG,4.03,,
pdb1g3r,pi_cation,ARG,4.21,,
pdb6i8q,pi_cation,ARG,3.69,,
pdb1cj1,pi_cation,ARG,3.52,,
pdb1t4c,pi_cation,ARG,3.58,,
pdb2r24,pi_cation,ARG,3.96,,
pdb2dzb,pi_cation,ARG,3.51,,
pdb6i8j,pi_cation,ARG,3.63,,
pdb1t40,pi_cation,ARG,4.04,,
pdb1e86,pi_cation,ARG,4.7,,
pdb6i8e,pi_cation,ARG,3.63,,
pdb1j5p,pi_cation,ARG,3.69,,
pdb5t9e,pi_cation,ARG,3.42,,
pdb5t9e,pi_cation,ARG,3.6,,
pdb5e8a,pi_cation,ARG,3.78,,
pdb5e8a,pi_cation,ARG,4.19,,
pdb4czn,pi_cation,ARG,4.64,,
pdb1vq5,pi_cation,ARG,3.84,,
pdb3e8x,pi_cation,ARG,3.71,,
pdb4wgy,pi_cation,ARG,3.85,,
pdb5xij,pi_cation,ARG,4.59,,
pdb4cjo,pi_cation,ARG,4.67,,
pdb4x4i,pi_cation,ARG,3.85,,
pdb3wg6,pi_cation,ARG,3.8,,
pdb3wg6,pi_cation,ARG,3.49,,
pdb5xik,pi_cation,ARG,4.38,,
pdb2acu,pi_cation,ARG,4.94,,
pdb2acs,pi_cation,ARG,4.61,,
pdb5itu,pi_cation,ARG,4.78,,
pdb5t9z,pi_cation,ARG,4.16,,
pdb5nji,pi_cation,ARG,3.69,,
pdb5e89,pi_cation,ARG,3.55,,
pdb5e89,pi_cation,ARG,3.99,,
pdb2vfk,pi_cation,ARG,3.62,,
pdb2vfk,pi_cation,ARG,3.73,,
pdb1e83,pi_cation,ARG,4.02,,
pdb5n9p,pi_cation,ARG,3.72,,
pdb4j31,pi_cation,ARG,5.14,,
pdb4j31,pi_cation,ARG,5.3,,
pdb5n9d,pi_cation,ARG,4.06,,
pdb5n9d,pi_cation,ARG,3.66,,
pdb2i17,pi_cation,ARG,3.74,,
pdb6nbr,pi_cation,ARG,4.09,,
pdb6nbr,pi_cation,ARG,3.59,,
pdb2wow,pi_cation,ARG,3.71,,
pdb2wow,pi_cation,ARG,3.78,,
pdb2wov,pi_cation,ARG,3.64,,
pdb2wov,pi_cation,ARG,3.75,,
pdb4zmm,pi_cation,ARG,3.96,,
pdb4zmm,pi_cation,ARG,3.88,,
pdb1e85,pi_cation,ARG,3.74,,
pdb2j3n,pi_cation,ARG,3.75,,
pdb2j3n,pi_cation,ARG,3.58,,
pdb2f38,pi_cation,ARG,5.4,,
pdb4l87,pi_cation,ARG,4.18,,
pdb4l87,pi_cation,ARG,3.86,,
pdb4njv,pi_cation,ARG,3.36,,
pdb4krv,pi_cation,ARG,4.43,,
pdb1jzm,pi_cation,ARG,3.8,,
pdb2odi,pi_cation,ARG,4.54,,
pdb3zm9,pi_cation,ARG,4.79,,
pdb4i1v,pi_cation,ARG,3.83,,
pdb3p2v,pi_cation,ARG,3.74,,
pdb4gab,pi_cation,ARG,3.92,,
pdb5f5w,pi_cation,ARG,4.13,,
pdb6f8o,pi_cation,ARG,3.83,,
pdb4xdz,pi_cation,ARG,3.86,,
pdb4xdz,pi_cation,ARG,3.94,,
pdb5u63,pi_cation,ARG,3.89,,
pdb5u63,pi_cation,ARG,3.66,,
pdb4kre,pi_cation,ARG,4.22,,
pdb4kre,pi_cation,ARG,3.97,,
pdb6a23,pi_cation,ARG,4.03,,
pdb3mva,pi_cation,ARG,4.08,,
pdb2acr,pi_cation,ARG,4.29,,
pdb5u14,pi_cation,ARG,3.63,,
pdb1u1o,pi_cation,ARG,3.74,,
pdb4mvc,pi_cation,ARG,3.58,,
pdb5u12,pi_cation,ARG,3.51,,
pdb1u1m,pi_cation,ARG,3.65,,
pdb5itr,pi_cation,ARG,3.51,,
pdb4f3h,pi_cation,ARG,5.47,,
pdb4qoz,pi_cation,ARG,4.51,,
pdb1u1p,pi_cation,ARG,3.67,,
pdb1nbb,pi_cation,ARG,4.54,,
pdb1nbb,pi_cation,ARG,4.71,,
pdb5nb3,pi_cation,ARG,5.83,,
pdb5u32,pi_cation,ARG,3.99,,
pdb4jzk,pi_cation,ARG,4.39,,
pdb6mvk,pi_cation,ARG,3.71,,
pdb2qoj,pi_cation,ARG,3.64,,
pdb1qo4,pi_cation,ARG,4.14,,
pdb4i3d,pi_cation,ARG,3.45,,
pdb4i3d,pi_cation,ARG,5.22,,
pdb1all,pi_cation,ARG,4.51,,
pdb6f82,pi_cation,ARG,3.82,,
pdb4xmb,pi_cation,ARG,3.92,,
pdb6f84,pi_cation,ARG,3.82,,
pdb5ow0,pi_cation,ARG,5.55,,
pdb1u1k,pi_cation,ARG,3.82,,
pdb4laz,pi_cation,ARG,3.8,,
pdb5u1p,pi_cation,ARG,4.07,,
pdb5u1p,pi_cation,ARG,4.1,,
pdb2ia8,pi_cation,ARG,4.68,,
pdb3byz,pi_cation,ARG,4.13,,
pdb5jzv,pi_cation,ARG,3.83,,
pdb5jzv,pi_cation,ARG,3.86,,
pdb3cce,pi_cation,ARG,4.02,,
pdb5u10,pi_cation,ARG,3.44,,
pdb5u11,pi_cation,ARG,3.62,,
pdb1u1r,pi_cation,ARG,3.58,,
pdb5usb,pi_cation,ARG,5.41,,
pdb5usb,pi_cation,ARG,3.82,,
pdb4f5d,pi_cation,ARG,4.19,,
pdb4f5d,pi_cation,ARG,3.88,,
pdb4f5d,pi_cation,ARG,4.15,,
pdb4f5d,pi_cation,ARG,3.85,,
pdb6qlo,pi_cation,ARG,3.73,,
pdb1u1n,pi_cation,ARG,3.72,,
pdb3kfy,pi_cation,ARG,3.66,,
pdb5u13,pi_cation,ARG,4.54,,
pdb5u13,pi_cation,ARG,3.59,,
pdb5f5n,pi_cation,ARG,3.45,,
pdb5f5x,pi_cation,ARG,4.06,,
pdb5f5x,pi_cation,ARG,4.36,,
pdb6owe,pi_cation,ARG,3.52,,
pdb6i8k,pi_cation,ARG,3.65,,
pdb6qls,pi_cation,ARG,3.74,,
pdb1us0,pi_cation,ARG,3.71,,
pdb2f8s,pi_cation,ARG,3.49,,
pdb2f8s,pi_cation,ARG,3.62,,
pdb6i8p,pi_cation,ARG,3.68,,
pdb1set,pi_cation,ARG,4.74,,
pdb1set,pi_cation,ARG,4.78,,
pdb1ses,pi_cation,ARG,4.82,,
pdb1ses,pi_cation,ARG,4.83,,
pdb6f81,pi_cation,ARG,3.79,,
pdb2yb1,pi_cation,ARG,5.3,,
pdb4byi,pi_cation,ARG,4.59,,
pdb1dr4,pi_cation,ARG,3.91,,
pdb1dr6,pi_cation,ARG,4.16,,
pdb6i8o,pi_cation,ARG,3.64,,
pdb3iah,pi_cation,ARG,4.03,,
pdb1ybm,pi_cation,ARG,4.23,,
pdb6i8i,pi_cation,ARG,3.62,,
pdb4iax,pi_cation,ARG,3.76,,
pdb4fam,pi_cation,ARG,5.46,,
pdb5usn,pi_cation,ARG,3.45,,
pdb5usn,pi_cation,ARG,3.79,,
pdb6d19,pi_cation,ARG,3.98,,
pdb6qlr,pi_cation,ARG,3.64,,
pdb1u1q,pi_cation,ARG,3.7,,
pdb3fsc,pi_cation,ARG,3.8,,
pdb2wf0,pi_cation,ARG,5.18,,
pdb1d1a,pi_cation,ARG,4.01,,
pdb3fsb,pi_cation,ARG,3.91,,
pdb1u1l,pi_cation,ARG,3.74,,
pdb4rkm,pi_cation,ARG,4.48,,
pdb5nb4,pi_cation,ARG,5.8,,
pdb3mpi,pi_cation,ARG,3.88,,
pdb3mpi,pi_cation,ARG,3.48,,
pdb3fs8,pi_cation,ARG,3.66,,
pdb2y5a,pi_cation,ARG,3.76,,
pdb4l5b,pi_cation,ARG,4.39,,
pdb3c96,pi_cation,ARG,3.62,,
pdb4j1t,pi_cation,ARG,3.98,,
pdb1d1b,pi_cation,ARG,4.26,,
pdb1khz,pi_cation,ARG,4.56,,
pdb1khz,pi_cation,ARG,4.55,,
pdb3cse,pi_cation,ARG,3.9,,
pdb1o46,pi_cation,ARG,5.3,,
pdb4ch6,pi_cation,ARG,4.63,,
pdb2fsv,pi_cation,ARG,3.85,,
pdb4n9i,pi_cation,ARG,3.72,,
pdb4n9i,pi_cation,ARG,3.76,,
pdb6d18,pi_cation,ARG,4.04,,
pdb3u1b,pi_cation,ARG,5.97,,
pdb6fsl,pi_cation,ARG,3.75,,
pdb1d1g,pi_cation,ARG,4.1,,
pdb3lz5,pi_cation,ARG,3.75,,
pdb6c5n,pi_cation,ARG,3.45,,
pdb3roa,pi_cation,ARG,3.92,,
pdb4qx4,pi_cation,ARG,3.95,,
pdb6dvi,pi_cation,ARG,4.0,,
pdb2qx0,pi_cation,ARG,5.2,,
pdb4c5o,pi_cation,ARG,4.87,,
pdb1z19,pi_cation,ARG,4.55,,
pdb4qxi,pi_cation,ARG,3.82,,
pdb3qls,pi_cation,ARG,3.77,,
pdb4w7l,pi_cation,ARG,3.61,,
pdb4foj,pi_cation,ARG,4.97,,
pdb5gt9,pi_cation,ARG,3.85,,
pdb4fsl,pi_cation,ARG,3.78,,
pdb5k0m,pi_cation,ARG,3.55,,
pdb3fsy,pi_cation,ARG,3.82,,
pdb4w7j,pi_cation,ARG,3.71,,
pdb5gt2,pi_cation,ARG,3.67,,
pdb3qlw,pi_cation,ARG,3.81,,
pdb1dr5,pi_cation,ARG,3.86,,
pdb4j2w,pi_cation,ARG,5.2,,
pdb4j2w,pi_cation,ARG,5.34,,
pdb4fkz,pi_cation,ARG,3.77,,
pdb4w7n,pi_cation,ARG,3.69,,
pdb3ial,pi_cation,ARG,4.21,,
pdb3ial,pi_cation,ARG,4.09,,
pdb4wan,pi_cation,ARG,3.9,,
pdb4wan,pi_cation,ARG,4.12,,
pdb1qru,pi_cation,ARG,3.75,,
pdb1qru,pi_cation,ARG,5.26,,
pdb6c55,pi_cation,ARG,3.78,,
pdb2gce,pi_cation,ARG,3.58,,
pdb1qr6,pi_cation,ARG,5.09,,
pdb1qr6,pi_cation,ARG,5.05,,
pdb4w7m,pi_cation,ARG,3.68,,
pdb4fse,pi_cation,ARG,3.89,,
pdb2y5s,pi_cation,ARG,3.74,,
pdb4w7o,pi_cation,ARG,3.55,,
pdb2gci,pi_cation,ARG,3.47,,
pdb3ia4,pi_cation,ARG,4.01,,
pdb4q1c,pi_cation,ARG,4.03,,
pdb1a80,pi_cation,ARG,3.86,,
pdb5iao,pi_cation,ARG,4.57,,
pdb4q1d,pi_cation,ARG,4.15,,
pdb6qlu,pi_cation,ARG,4.08,,
pdb4iaw,pi_cation,ARG,3.4,,
pdb1rmv,pi_cation,ARG,4.31,,
pdb5gyr,pi_cation,ARG,4.58,,
pdb3gyh,pi_cation,ARG,3.64,,
pdb3gyh,pi_cation,ARG,3.84,,
pdb3gyh,pi_cation,ARG,4.08,,
pdb4rmp,pi_cation,ARG,4.27,,
pdb4w7k,pi_cation,ARG,3.64,,
pdb3lzx,pi_cation,ARG,3.72,,
pdb3lzx,pi_cation,ARG,3.91,,
pdb6s7s,pi_cation,ARG,3.73,,
pdb6s7s,pi_cation,ARG,3.64,,
pdb5ody,pi_cation,ARG,3.8,,
pdb4pmw,pi_cation,ARG,3.99,,
pdb5ec4,pi_cation,ARG,4.36,,
pdb5ec4,pi_cation,ARG,4.16,,
pdb6rm0,pi_cation,ARG,3.94,,
pdb6rm0,pi_cation,ARG,4.01,,
pdb1ecb,pi_cation,ARG,3.92,,
pdb6by0,pi_cation,ARG,3.41,,
pdb4j8f,pi_cation,ARG,4.1,,
pdb1ec6,pi_cation,ARG,3.75,,
pdb1ec6,pi_cation,ARG,3.59,,
pdb5bym,pi_cation,ARG,3.65,,
pdb5bym,pi_cation,ARG,3.84,,
pdb5a74,pi_cation,ARG,3.87,,
pdb5a74,pi_cation,ARG,3.7,,
pdb1ze2,pi_cation,ARG,3.93,,
pdb2dpg,pi_cation,ARG,4.02,,
pdb1yun,pi_cation,ARG,4.41,,
pdb4kh5,pi_cation,ARG,3.67,,
pdb4kh5,pi_cation,ARG,4.12,,
pdb4kh5,pi_cation,ARG,3.83,,
pdb5ecc,pi_cation,ARG,4.12,,
pdb5ecc,pi_cation,ARG,4.08,,
pdb4q19,pi_cation,ARG,4.15,,
pdb4yu1,pi_cation,ARG,3.82,,
pdb1eca,pi_cation,ARG,4.0,,
pdb4q1a,pi_cation,ARG,4.06,,
pdb5ecx,pi_cation,ARG,4.14,,
pdb5ecx,pi_cation,ARG,4.12,,
pdb4kh4,pi_cation,ARG,3.92,,
pdb4kh4,pi_cation,ARG,3.44,,
pdb4was,pi_cation,ARG,3.62,,
pdb4was,pi_cation,ARG,3.74,,
pdb3or1,pi_cation,ARG,4.43,,
pdb4q1e,pi_cation,ARG,4.19,,
pdb5wqo,pi_cation,ARG,4.07,,
pdb5wqo,pi_cation,ARG,3.67,,
pdb5dp2,pi_cation,ARG,3.48,,
pdb2wq6,pi_cation,ARG,4.35,,
pdb2q10,pi_cation,ARG,4.57,,
pdb4q18,pi_cation,ARG,4.14,,
pdb6q94,pi_cation,ARG,4.36,,
pdb5a72,pi_cation,ARG,3.86,,
pdb5y0n,pi_cation,ARG,4.62,,
pdb3waz,pi_cation,ARG,3.67,,
pdb3waz,pi_cation,ARG,3.57,,
pdb4y0k,pi_cation,ARG,3.43,,
pdb4y0k,pi_cation,ARG,3.81,,
pdb6ec8,pi_cation,ARG,3.72,,
pdb6a7b,pi_cation,ARG,5.59,,
pdb1ecd,pi_cation,ARG,3.9,,
pdb5y0q,pi_cation,ARG,4.46,,
pdb5y0q,pi_cation,ARG,4.27,,
pdb5jd7,pi_cation,ARG,3.75,,
pdb3ldp,pi_cation,ARG,3.72,,
pdb3ldp,pi_cation,ARG,3.8,,
pdb4z1x,pi_cation,ARG,3.82,,
pdb4z1x,pi_cation,ARG,3.93,,
pdb5u61,pi_cation,ARG,3.73,,
pdb5a78,pi_cation,ARG,5.92,,
pdb5a78,pi_cation,ARG,3.65,,
pdb5a78,pi_cation,ARG,5.98,,
pdb2wq7,pi_cation,ARG,4.33,,
pdb6a7a,pi_cation,ARG,5.64,,
pdb6a7a,pi_cation,ARG,5.41,,
pdb2glm,pi_cation,ARG,4.36,,
pdb3lzw,pi_cation,ARG,3.57,,
pdb3lzw,pi_cation,ARG,3.86,,
pdb4u6s,pi_cation,ARG,5.97,,
pdb1u6s,pi_cation,ARG,4.08,,
pdb1u6s,pi_cation,ARG,4.31,,
pdb1z89,pi_cation,ARG,3.86,,
pdb1dvr,pi_cation,ARG,3.52,,
pdb1o48,pi_cation,ARG,4.75,,
pdb5f2v,pi_cation,ARG,3.89,,
pdb5f2v,pi_cation,ARG,3.92,,
pdb5f2v,pi_cation,ARG,4.22,,
pdb3lz3,pi_cation,ARG,3.75,,
pdb4jj3,pi_cation,ARG,4.56,,
pdb3or2,pi_cation,ARG,4.45,,
pdb5u6d,pi_cation,ARG,3.6,,
pdb1p7z,pi_cation,ARG,3.51,,
pdb1p7d,pi_cation,ARG,4.09,,
pdb4cik,pi_cation,ARG,4.11,,
pdb2glx,pi_cation,ARG,3.68,,
pdb2glx,pi_cation,ARG,3.82,,
pdb3nx4,pi_cation,ARG,3.23,,
pdb1pnq,pi_cation,ARG,4.02,,
pdb1z82,pi_cation,ARG,3.62,,
pdb1z82,pi_cation,ARG,4.07,,
pdb1gl3,pi_cation,ARG,3.95,,
pdb1gl3,pi_cation,ARG,4.08,,
pdb5z8t,pi_cation,ARG,3.57,,
pdb1pn4,pi_cation,ARG,3.61,,
pdb1pn4,pi_cation,ARG,3.67,,
pdb5idw,pi_cation,ARG,3.65,,
pdb5idw,pi_cation,ARG,3.93,,
pdb6f2u,pi_cation,ARG,5.42,,
pdb1mqv,pi_cation,ARG,4.78,,
pdb2c7g,pi_cation,ARG,3.94,,
pdb2c7g,pi_cation,ARG,3.61,,
pdb1kzn,pi_cation,ARG,3.64,,
pdb1kzn,pi_cation,ARG,4.04,,
pdb5u60,pi_cation,ARG,3.74,,
pdb5u69,pi_cation,ARG,3.95,,
pdb4nhe,pi_cation,ARG,3.52,,
pdb4nhe,pi_cation,ARG,3.48,,
pdb4keb,pi_cation,ARG,3.87,,
pdb3o95,pi_cation,ARG,3.92,,
pdb5z2t,pi_cation,ARG,4.07,,
pdb1ake,pi_cation,ARG,4.18,,
pdb1ake,pi_cation,ARG,3.9,,
pdb1qwm,pi_cation,ARG,3.5,,
pdb3o18,pi_cation,ARG,4.44,,
pdb4iri,pi_cation,ARG,3.63,,
pdb4z54,pi_cation,ARG,3.7,,
pdb3cgd,pi_cation,ARG,3.89,,
pdb1pnv,pi_cation,ARG,3.86,,
pdb1cgo,pi_cation,ARG,4.15,,
pdb2q7h,pi_cation,ARG,4.41,,
pdb3akc,pi_cation,ARG,4.0,,
pdb2q71,pi_cation,ARG,4.41,,
pdb2q71,pi_cation,ARG,4.35,,
pdb2q71,pi_cation,ARG,4.33,,
pdb1xf6,pi_cation,ARG,4.64,,
pdb1f3b,pi_cation,ARG,4.1,,
pdb5y0t,pi_cation,ARG,3.62,,
pdb5vce,pi_cation,ARG,4.34,,
pdb4o4s,pi_cation,ARG,3.75,,
pdb1pno,pi_cation,ARG,3.99,,
pdb5ket,pi_cation,ARG,4.9,,
pdb1qws,pi_cation,ARG,3.47,,
pdb1lke,pi_cation,ARG,4.45,,
pdb3ke5,pi_cation,ARG,3.81,,
pdb3ke5,pi_cation,ARG,4.07,,
pdb1o47,pi_cation,ARG,5.68,,
pdb1o43,pi_cation,ARG,4.61,,
pdb6cgc,pi_cation,ARG,5.91,,
pdb5ffj,pi_cation,ARG,3.84,,
pdb5y0p,pi_cation,ARG,4.05,,
pdb5y0p,pi_cation,ARG,3.58,,
pdb4y00,pi_cation,ARG,4.1,,
pdb4y00,pi_cation,ARG,4.06,,
pdb1pn3,pi_cation,ARG,3.61,,
pdb5cgp,pi_cation,ARG,3.65,,
pdb2pfg,pi_cation,ARG,4.1,,
pdb4cab,pi_cation,ARG,3.35,,
pdb4cg8,pi_cation,ARG,4.6,,
pdb5lix,pi_cation,ARG,3.85,,
pdb2bkl,pi_cation,ARG,3.73,,
pdb3o9v,pi_cation,ARG,4.06,,
pdb1cgn,pi_cation,ARG,4.0,,
pdb3djg,pi_cation,ARG,3.63,,
pdb3djg,pi_cation,ARG,3.96,,
pdb3nh1,pi_cation,ARG,3.68,,
pdb2pfh,pi_cation,ARG,3.77,,
pdb3akz,pi_cation,ARG,3.65,,
pdb3ld5,pi_cation,ARG,3.8,,
pdb6ham,pi_cation,ARG,4.33,,
pdb6ham,pi_cation,ARG,3.81,,
pdb1qwl,pi_cation,ARG,3.47,,
pdb1o97,pi_cation,ARG,4.9,,
pdb5t2o,pi_cation,ARG,3.84,,
pdb5t2o,pi_cation,ARG,3.7,,
pdb5t2u,pi_cation,ARG,4.02,,
pdb1xkq,pi_cation,ARG,3.89,,
pdb1xf0,pi_cation,ARG,5.41,,
pdb2xru,pi_cation,ARG,5.22,,
pdb1nhe,pi_cation,ARG,4.5,,
pdb5ak9,pi_cation,ARG,4.35,,
pdb5ak9,pi_cation,ARG,3.87,,
pdb3svl,pi_cation,ARG,3.51,,
pdb4z51,pi_cation,ARG,3.7,,
pdb1vq8,pi_cation,ARG,4.18,,
pdb2pf8,pi_cation,ARG,3.77,,
pdb4b40,pi_cation,ARG,3.41,,
pdb4hmv,pi_cation,ARG,3.95,,
pdb3zjt,pi_cation,ARG,3.8,,
pdb3zjt,pi_cation,ARG,3.77,,
pdb4bim,pi_cation,ARG,3.72,,
pdb5zed,pi_cation,ARG,3.41,,
pdb5b4z,pi_cation,ARG,3.7,,
pdb3qwb,pi_cation,ARG,3.61,,
pdb2yl7,pi_cation,ARG,4.7,,
pdb3bi3,pi_cation,ARG,4.24,,
pdb2ylr,pi_cation,ARG,3.66,,
pdb2ylr,pi_cation,ARG,4.05,,
pdb2ylw,pi_cation,ARG,3.85,,
pdb2ylw,pi_cation,ARG,3.54,,
pdb2ylx,pi_cation,ARG,3.53,,
pdb2ylx,pi_cation,ARG,4.04,,
pdb3o1m,pi_cation,ARG,4.31,,
pdb2yli,pi_cation,ARG,4.61,,
pdb2yli,pi_cation,ARG,4.76,,
pdb2ylt,pi_cation,ARG,4.15,,
pdb2ylt,pi_cation,ARG,3.64,,
pdb3zjv,pi_cation,ARG,3.76,,
pdb3zjv,pi_cation,ARG,3.46,,
pdb3o1o,pi_cation,ARG,4.23,,
pdb6hap,pi_cation,ARG,4.53,,
pdb6hap,pi_cation,ARG,3.5,,
pdb5g4l,pi_cation,ARG,3.65,,
pdb5g4l,pi_cation,ARG,3.68,,
pdb5djg,pi_cation,ARG,3.62,,
pdb5djg,pi_cation,ARG,3.62,,
pdb2nnl,pi_cation,ARG,3.77,,
pdb3biy,pi_cation,ARG,4.1,,
pdb3biy,pi_cation,ARG,4.11,,
pdb3bie,pi_cation,ARG,4.11,,
pdb4nkc,pi_cation,ARG,3.88,,
pdb6a1r,pi_cation,ARG,3.98,,
pdb3tyd,pi_cation,ARG,3.41,,
pdb1qgj,pi_cation,ARG,4.37,,
pdb3tyz,pi_cation,ARG,3.46,,
pdb2c3d,pi_cation,ARG,3.91,,
pdb3nnh,pi_cation,ARG,4.09,,
pdb5o98,pi_cation,ARG,3.76,,
pdb3gmc,pi_cation,ARG,4.59,,
pdb3ztz,pi_cation,ARG,4.68,,
pdb2nny,pi_cation,ARG,3.79,,
pdb1tyo,pi_cation,ARG,3.63,,
pdb1tyo,pi_cation,ARG,3.81,,
pdb1zt9,pi_cation,ARG,4.01,,
pdb2xn7,pi_cation,ARG,4.37,,
pdb2w00,pi_cation,ARG,3.74,,
pdb2w00,pi_cation,ARG,3.98,,
pdb3ztm,pi_cation,ARG,4.7,,
pdb2nnq,pi_cation,ARG,4.49,,
pdb2zt5,pi_cation,ARG,3.89,,
pdb2zt5,pi_cation,ARG,3.57,,
pdb2cyp,pi_cation,ARG,5.2,,
pdb1typ,pi_cation,ARG,3.72,,
pdb1typ,pi_cation,ARG,3.76,,
pdb2cy2,pi_cation,ARG,3.57,,
pdb2cy2,pi_cation,ARG,3.95,,
pdb2c3c,pi_cation,ARG,3.78,,
pdb2c3c,pi_cation,ARG,3.56,,
pdb2xn6,pi_cation,ARG,5.81,,
pdb4f3t,pi_cation,ARG,3.79,,
pdb3tyb,pi_cation,ARG,3.53,,
pdb1cyf,pi_cation,ARG,5.14,,
pdb3tyc,pi_cation,ARG,3.59,,
pdb4zt0,pi_cation,ARG,4.21,,
pdb1z3n,pi_cation,ARG,4.0,,
pdb3jwf,pi_cation,ARG,3.98,,
pdb3jwf,pi_cation,ARG,4.02,,
pdb4q7b,pi_cation,ARG,3.89,,
pdb4q70,pi_cation,ARG,4.51,,
pdb3ldq,pi_cation,ARG,3.56,,
pdb3ld2,pi_cation,ARG,3.65,,
pdb3jwc,pi_cation,ARG,4.08,,
pdb3jwc,pi_cation,ARG,4.06,,
pdb6hma,pi_cation,ARG,3.67,,
pdb3hml,pi_cation,ARG,3.98,,
pdb5ldg,pi_cation,ARG,3.9,,
pdb4zwg,pi_cation,ARG,3.5,,
pdb4zwg,pi_cation,ARG,3.76,,
pdb4zwg,pi_cation,ARG,3.42,,
pdb3ccu,pi_cation,ARG,4.06,,
pdb2q78,pi_cation,ARG,3.59,,
pdb3jwk,pi_cation,ARG,4.05,,
pdb3jwk,pi_cation,ARG,4.17,,
pdb3jwm,pi_cation,ARG,4.18,,
pdb2r7t,pi_cation,ARG,4.23,,
pdb3c3l,pi_cation,ARG,3.77,,
pdb3c3l,pi_cation,ARG,3.58,,
pdb3c3l,pi_cation,ARG,3.6,,
pdb1r7m,pi_cation,ARG,4.05,,
pdb2r7w,pi_cation,ARG,4.16,,
pdb2r7r,pi_cation,ARG,4.18,,
pdb1vqp,pi_cation,ARG,4.11,,
pdb1qyv,pi_cation,ARG,5.19,,
pdb5w6v,pi_cation,ARG,3.45,,
pdb3w6u,pi_cation,ARG,3.79,,
pdb3w6z,pi_cation,ARG,4.26,,
pdb3w6z,pi_cation,ARG,3.76,,
pdb4z3d,pi_cation,ARG,3.83,,
pdb1rpn,pi_cation,ARG,5.27,,
pdb1rpn,pi_cation,ARG,5.05,,
pdb4rpq,pi_cation,ARG,3.9,,
pdb4xb1,pi_cation,ARG,3.99,,
pdb5boc,pi_cation,ARG,3.67,,
pdb5j6h,pi_cation,ARG,3.79,,
pdb1iyz,pi_cation,ARG,3.27,,
pdb4zhx,pi_cation,ARG,5.14,,
pdb4nz9,pi_cation,ARG,3.98,,
pdb3zhb,pi_cation,ARG,3.48,,
pdb3zhb,pi_cation,ARG,3.58,,
pdb3vqw,pi_cation,ARG,4.45,,
pdb1vq9,pi_cation,ARG,4.21,,
pdb3ccs,pi_cation,ARG,4.08,,
pdb2a6o,pi_cation,ARG,3.89,,
pdb3ai2,pi_cation,ARG,3.84,,
pdb2aid,pi_cation,ARG,4.62,,
pdb2vnk,pi_cation,ARG,3.81,,
pdb2vnk,pi_cation,ARG,3.84,,
pdb6aik,pi_cation,ARG,4.14,,
pdb6ai7,pi_cation,ARG,3.81,,
pdb3vng,pi_cation,ARG,3.85,,
pdb1vqm,pi_cation,ARG,4.11,,
pdb1ai9,pi_cation,ARG,3.86,,
pdb3ccl,pi_cation,ARG,4.06,,
pdb2ylj,pi_cation,ARG,4.18,,
pdb2yl0,pi_cation,ARG,4.66,,
pdb2yl1,pi_cation,ARG,4.65,,
pdb2yls,pi_cation,ARG,3.69,,
pdb2yls,pi_cation,ARG,3.84,,
pdb6plf,pi_cation,ARG,4.34,,
pdb3vqs,pi_cation,ARG,5.3,,
pdb3vqv,pi_cation,ARG,4.67,,
pdb3vqv,pi_cation,ARG,4.61,,
pdb1vq7,pi_cation,ARG,3.89,,
pdb1ccl,pi_cation,ARG,5.16,,
pdb2ym2,pi_cation,ARG,3.63,,
pdb2iyv,pi_cation,ARG,3.91,,
pdb2iyv,pi_cation,ARG,3.61,,
pdb1vql,pi_cation,ARG,4.2,,
pdb3ccm,pi_cation,ARG,4.08,,
pdb4b0j,pi_cation,ARG,5.76,,
pdb4b0t,pi_cation,ARG,4.37,,
pdb4b0t,pi_cation,ARG,4.4,,
pdb1b0b,pi_cation,ARG,3.91,,
pdb4b0s,pi_cation,ARG,5.19,,
pdb4b0b,pi_cation,ARG,5.69,,
pdb1vqo,pi_cation,ARG,4.03,,
pdb2iyu,pi_cation,ARG,3.64,,
pdb2iyu,pi_cation,ARG,4.07,,
pdb5ccc,pi_cation,ARG,3.78,,
pdb1ccc,pi_cation,ARG,5.21,,
pdb3cc4,pi_cation,ARG,3.92,,
pdb1vqk,pi_cation,ARG,4.07,,
pdb2iyp,pi_cation,ARG,3.68,,
pdb2iyw,pi_cation,ARG,3.76,,
pdb2iyw,pi_cation,ARG,3.6,,
pdb3ccc,pi_cation,ARG,4.2,,
pdb3ccr,pi_cation,ARG,3.89,,
pdb1vq4,pi_cation,ARG,4.1,,
pdb6uf0,pi_cation,ARG,3.5,,
pdb6i91,pi_cation,ARG,3.68,,
pdb6jmh,pi_cation,ARG,3.75,,
pdb6jmh,pi_cation,ARG,3.63,,
pdb3uh0,pi_cation,ARG,4.39,,
pdb3uh0,pi_cation,ARG,4.4,,
pdb6i7z,pi_cation,ARG,3.63,,
pdb6v2l,pi_cation,ARG,3.57,,
pdb6vqv,pi_cation,ARG,3.81,,
pdb6era,pi_cation,ARG,4.52,,
pdb6era,pi_cation,ARG,4.4,,
pdb6ott,pi_cation,ARG,3.63,,
pdb5yki,pi_cation,ARG,3.74,,
pdb5yki,pi_cation,ARG,3.88,,
pdb5yki,pi_cation,ARG,3.63,,
pdb6t41,pi_cation,ARG,3.97,,
pdb6pvg,pi_cation,ARG,3.6,,
pdb6r48,pi_cation,ARG,3.77,,
pdb6tm3,pi_cation,ARG,3.61,,
pdb6tm3,pi_cation,ARG,3.63,,
pdb6v2m,pi_cation,ARG,3.57,,
pdb6s26,pi_cation,ARG,3.67,,
pdb6s26,pi_cation,ARG,4.15,,
pdb6s26,pi_cation,ARG,3.44,,
pdb6a88,pi_cation,ARG,4.26,,
pdb6rjr,pi_cation,ARG,3.37,,
pdb6ty8,pi_cation,ARG,4.73,,
pdb6ty8,pi_cation,ARG,4.44,,
pdb6rnw,pi_cation,ARG,3.7,,
pdb6s27,pi_cation,ARG,3.58,,
pdb6na5,pi_cation,ARG,3.51,,
pdb4o0a,pi_cation,ARG,3.83,,
pdb6p5r,pi_cation,ARG,3.49,,
pdb6er9,pi_cation,ARG,3.65,,
pdb6er9,pi_cation,ARG,3.42,,
pdb6p5x,pi_cation,ARG,4.83,,
pdb6na4,pi_cation,ARG,3.59,,
pdb6st3,pi_cation,ARG,4.06,,
pdb5ovr,pi_cation,ARG,4.41,,
pdb6jhb,pi_cation,ARG,3.7,,
pdb6na6,pi_cation,ARG,3.62,,
pdb6he3,pi_cation,ARG,4.22,,
pdb6nd7,pi_cation,ARG,3.9,,
pdb6he1,pi_cation,ARG,4.02,,
pdb1o8c,pi_cation,ARG,3.68,,
pdb3err,pi_cation,ARG,5.03,,
pdb3err,pi_cation,ARG,5.02,,
pdb6sk1,pi_cation,ARG,3.74,,
pdb6qu4,pi_cation,ARG,5.72,,
pdb3epo,pi_cation,ARG,4.95,,
pdb6j1u,pi_cation,ARG,4.24,,
pdb5ovk,pi_cation,ARG,3.74,,
pdb5ovx,pi_cation,ARG,4.46,,
pdb6hhv,pi_cation,ARG,4.12,,
pdb6hhy,pi_cation,ARG,3.99,,
pdb6ukh,pi_cation,ARG,3.72,,
pdb6ukh,pi_cation,ARG,3.86,,
pdb6jk9,pi_cation,ARG,5.53,,
pdb6hhw,pi_cation,ARG,4.1,,
pdb6hhx,pi_cation,ARG,4.22,,
pdb6hhz,pi_cation,ARG,4.05,,
pdb6sjc,pi_cation,ARG,4.33,,
pdb6jzs,pi_cation,ARG,3.99,,
pdb6jdq,pi_cation,ARG,3.28,,
pdb6jdq,pi_cation,ARG,3.59,,
pdb6jdq,pi_cation,ARG,4.33,,
pdb6jdq,pi_cation,ARG,4.83,,
pdb6jdq,pi_cation,ARG,3.59,,
pdb1rl8,pi_cation,ARG,3.29,,
pdb6mqk,pi_cation,ARG,3.64,,
pdb6mqk,pi_cation,ARG,3.66,,
pdb4rl6,pi_cation,ARG,3.95,,
pdb5ovl,pi_cation,ARG,3.93,,
pdb5ovl,pi_cation,ARG,3.68,,
pdb6mql,pi_cation,ARG,3.65,,
pdb6mq9,pi_cation,ARG,3.61,,
pdb6mq9,pi_cation,ARG,3.64,,
pdb6jlv,pi_cation,ARG,3.78,,
pdb6i1e,pi_cation,ARG,4.96,,
pdb6pgp,pi_cation,ARG,3.56,,
pdb6qtj,pi_cation,ARG,3.7,,
pdb6kc8,pi_cation,ARG,3.34,,
pdb6kc8,pi_cation,ARG,3.59,,
pdb6kc8,pi_cation,ARG,4.39,,
pdb6kc8,pi_cation,ARG,4.01,,
pdb6kc8,pi_cation,ARG,3.37,,
pdb6qtg,pi_cation,ARG,3.68,,
pdb6jvc,pi_cation,ARG,3.62,,
pdb6jvx,pi_cation,ARG,3.7,,
pdb2o0j,pi_cation,ARG,4.04,,
pdb2o0j,pi_cation,ARG,3.92,,
pdb2o0h,pi_cation,ARG,4.14,,
pdb2o0h,pi_cation,ARG,3.99,,
pdb4o0l,pi_cation,ARG,3.83,,
pdb6jwr,pi_cation,ARG,3.5,,
pdb6jwy,pi_cation,ARG,3.73,,
pdb6jwx,pi_cation,ARG,3.77,,
pdb6je3,pi_cation,ARG,3.57,,
pdb6je3,pi_cation,ARG,3.73,,
pdb6je3,pi_cation,ARG,3.97,,
pdb6je3,pi_cation,ARG,4.27,,
pdb6je3,pi_cation,ARG,3.44,,
pdb6hdz,pi_cation,ARG,3.88,,
pdb6jws,pi_cation,ARG,3.45,,
pdb6t8q,pi_cation,ARG,4.43,,
pdb6jww,pi_cation,ARG,3.45,,
pdb6jwu,pi_cation,ARG,4.36,,
pdb6jwu,pi_cation,ARG,3.52,,
pdb3nyc,pi_cation,ARG,3.95,,
pdb3nyc,pi_cation,ARG,5.92,,
pdb6jwt,pi_cation,ARG,3.43,,
pdb6jit,pi_cation,ARG,3.65,,
pdb6jit,pi_cation,ARG,3.78,,
pdb6jwv,pi_cation,ARG,3.94,,
pdb6jwv,pi_cation,ARG,3.53,,
pdb6pe3,pi_cation,ARG,3.53,,
pdb6pe3,pi_cation,ARG,3.66,,
pdb6vck,pi_cation,ARG,3.79,,
pdb6jmw,pi_cation,ARG,3.74,,
pdb6pxc,pi_cation,ARG,4.67,,
pdb6pxc,pi_cation,ARG,3.7,,
pdb6jjr,pi_cation,ARG,4.83,,
pdb6peu,pi_cation,ARG,3.75,,
pdb6peu,pi_cation,ARG,3.66,,
pdb6qdw,pi_cation,ARG,5.46,,
pdb6sy6,pi_cation,ARG,3.85,,
pdb6irq,pi_cation,ARG,3.76,,
pdb6irq,pi_cation,ARG,3.86,,
pdb6sy4,pi_cation,ARG,4.12,,
pdb6sy4,pi_cation,ARG,3.98,,
pdb6hi0,pi_cation,ARG,3.84,,
pdb6sek,pi_cation,ARG,3.66,,
pdb6sek,pi_cation,ARG,3.91,,
pdb6tlk,pi_cation,ARG,3.7,,
pdb6tlk,pi_cation,ARG,3.59,,
pdb6k9s,pi_cation,ARG,3.44,,
pdb6k9s,pi_cation,ARG,3.17,,
pdb6un3,pi_cation,ARG,4.1,,
pdb6unk,pi_cation,ARG,4.34,,
pdb6pj3,pi_cation,ARG,3.67,,
pdb6r8u,pi_cation,ARG,4.15,,
pdb6r8u,pi_cation,ARG,4.08,,
pdb6r1n,pi_cation,ARG,4.2,,
pdb6qsm,pi_cation,ARG,5.01,,
pdb6qsl,pi_cation,ARG,4.99,,
pdb6u09,pi_cation,ARG,4.8,,
pdb6u03,pi_cation,ARG,4.08,,
pdb6u03,pi_cation,ARG,3.91,,
pdb6tzm,pi_cation,ARG,4.18,,
pdb6tzm,pi_cation,ARG,4.02,,
